order_id,cust_id,prod_id,order_date,quantity,discount_pct,status,channel,payment_method
1,779,41,2025-04-17,2,5,Shipped,In-Store,Credit Card
2,48,21,2025-06-16,1,0,Cancelled,In-Store,Crypto
3,150,16,2025-07-21,9,5,Returned,Mobile,PayPal
4,180,6,2025-04-22,10,20,Pending,Mobile,Crypto
5,935,38,2026-02-25,3,0,Pending,In-Store,Crypto
6,262,43,2025-12-13,1,20,Pending,In-Store,PayPal
7,76,29,2025-10-29,6,10,Cancelled,Partner,Bank Transfer
8,468,20,2026-02-13,4,5,Pending,Web,PayPal
9,391,37,2025-06-24,6,10,Cancelled,In-Store,Credit Card
10,850,43,2025-11-14,7,0,Shipped,Web,Crypto
11,853,19,2026-02-09,4,10,Cancelled,Mobile,PayPal
12,636,17,2025-03-29,3,15,Shipped,Web,Bank Transfer
13,808,29,2025-10-05,1,10,Cancelled,Mobile,Credit Card
14,932,19,2025-12-16,6,15,Pending,Mobile,PayPal
15,136,35,2025-03-04,6,10,Returned,In-Store,PayPal
16,264,31,2026-01-19,5,15,Cancelled,Web,Crypto
17,987,5,2025-07-29,3,20,Shipped,Partner,Bank Transfer
18,93,26,2025-04-29,1,0,Returned,Web,Crypto
19,378,44,2026-01-04,5,10,Pending,In-Store,Credit Card
20,692,15,2025-05-08,8,0,Returned,In-Store,PayPal
21,664,5,2025-06-09,8,15,Cancelled,Partner,Credit Card
22,144,3,2025-09-05,1,0,Pending,Web,Credit Card
23,241,35,2026-01-28,3,5,Pending,In-Store,Crypto
24,602,48,2025-08-25,3,5,Shipped,Partner,Crypto
25,962,18,2026-01-24,1,15,Cancelled,Mobile,Crypto
26,456,16,2025-03-18,6,0,Cancelled,In-Store,Credit Card
27,408,18,2025-05-25,4,0,Pending,Web,PayPal
28,658,41,2025-06-19,10,0,Shipped,In-Store,PayPal
29,129,37,2025-08-10,4,0,Returned,Mobile,PayPal
30,833,15,2025-08-04,6,20,Shipped,Web,Bank Transfer
31,880,10,2025-03-13,3,10,Cancelled,Mobile,Credit Card
32,677,2,2025-11-28,3,0,Cancelled,Mobile,Bank Transfer
33,17,12,2025-12-02,5,0,Shipped,Partner,Credit Card
34,764,5,2025-08-13,8,5,Cancelled,Web,Crypto
35,516,15,2025-03-28,10,0,Returned,In-Store,Crypto
36,659,2,2025-09-16,1,5,Pending,Partner,Credit Card
37,503,46,2025-04-15,8,0,Shipped,In-Store,PayPal
38,68,9,2026-02-20,5,10,Returned,In-Store,Crypto
39,612,34,2025-10-13,5,5,Returned,Partner,Credit Card
40,813,45,2025-11-22,2,20,Returned,Mobile,Crypto
41,463,15,2025-03-06,7,0,Pending,Partner,Crypto
42,748,7,2025-07-16,6,5,Cancelled,In-Store,Bank Transfer
43,977,10,2026-01-24,8,0,Shipped,Web,Credit Card
44,443,7,2025-07-16,6,20,Shipped,Web,Bank Transfer
45,687,8,2025-03-12,7,0,Pending,Web,Bank Transfer
46,615,20,2025-10-30,6,0,Returned,Mobile,PayPal
47,673,31,2025-11-09,4,20,Shipped,In-Store,Bank Transfer
48,118,49,2025-06-29,5,10,Shipped,Partner,Credit Card
49,624,43,2025-12-17,5,0,Shipped,In-Store,Bank Transfer
50,944,22,2026-01-05,6,0,Shipped,Mobile,Crypto
51,72,10,2025-12-10,1,0,Returned,Mobile,Crypto
52,430,30,2025-07-26,6,0,Cancelled,In-Store,Bank Transfer
53,796,37,2025-07-02,10,0,Shipped,Mobile,PayPal
54,773,40,2026-02-07,1,15,Shipped,In-Store,Crypto
55,678,28,2025-11-17,8,10,Pending,Partner,Bank Transfer
56,221,49,2025-09-17,9,0,Cancelled,Partner,Credit Card
57,291,44,2025-08-24,10,5,Returned,In-Store,Credit Card
58,226,26,2025-06-04,10,0,Shipped,Mobile,Bank Transfer
59,969,14,2026-01-27,3,20,Cancelled,In-Store,Bank Transfer
60,123,1,2026-01-29,8,15,Pending,Mobile,PayPal
61,390,35,2025-03-30,4,10,Returned,In-Store,Credit Card
62,407,48,2025-10-28,1,5,Shipped,Partner,Credit Card
63,883,21,2025-06-23,10,5,Returned,Partner,Crypto
64,297,8,2025-09-01,7,0,Cancelled,Mobile,Crypto
65,852,45,2025-04-09,6,0,Pending,Web,PayPal
66,447,38,2025-12-20,7,10,Shipped,Partner,Bank Transfer
67,764,22,2025-12-19,4,0,Shipped,Web,Credit Card
68,544,33,2025-04-07,4,20,Cancelled,In-Store,PayPal
69,242,7,2025-03-26,3,0,Shipped,Mobile,PayPal
70,779,49,2025-07-13,2,0,Pending,Partner,Crypto
71,698,37,2025-04-24,10,0,Cancelled,Mobile,Crypto
72,70,31,2025-12-17,8,15,Cancelled,In-Store,Credit Card
73,361,33,2025-12-09,2,0,Pending,Partner,Credit Card
74,59,24,2026-01-09,5,0,Shipped,Partner,Crypto
75,595,36,2025-03-02,1,5,Returned,Mobile,Bank Transfer
76,620,31,2025-03-03,9,0,Shipped,Partner,Credit Card
77,831,22,2025-12-19,2,10,Shipped,Web,PayPal
78,725,29,2026-01-11,8,10,Returned,Mobile,Bank Transfer
79,382,19,2025-10-10,7,5,Cancelled,Web,Bank Transfer
80,68,22,2025-04-25,2,10,Pending,In-Store,Bank Transfer
81,742,43,2025-10-14,10,20,Shipped,In-Store,Credit Card
82,597,43,2026-01-11,3,0,Cancelled,Partner,PayPal
83,610,46,2025-08-14,2,0,Returned,Partner,Bank Transfer
84,833,9,2026-01-12,9,0,Pending,In-Store,Credit Card
85,372,20,2025-12-11,3,0,Cancelled,Partner,PayPal
86,232,9,2025-04-06,3,0,Cancelled,Web,Credit Card
87,678,22,2025-04-12,10,0,Returned,Partner,PayPal
88,167,12,2025-11-11,10,20,Shipped,Partner,Credit Card
89,421,24,2025-05-11,4,5,Returned,In-Store,Crypto
90,240,35,2025-11-27,4,0,Pending,Mobile,Bank Transfer
91,695,37,2025-03-28,8,5,Cancelled,Partner,Crypto
92,990,11,2025-04-01,4,20,Returned,Mobile,Bank Transfer
93,54,42,2026-02-10,8,20,Cancelled,Web,Credit Card
94,292,6,2025-02-28,3,0,Pending,Mobile,Crypto
95,94,15,2025-12-13,8,0,Shipped,Partner,Credit Card
96,406,33,2025-05-23,6,0,Pending,Web,Bank Transfer
97,230,2,2025-03-17,6,0,Cancelled,Mobile,PayPal
98,40,19,2025-03-28,8,15,Shipped,Partner,Crypto
99,631,1,2025-06-24,2,0,Cancelled,Mobile,PayPal
100,562,47,2025-09-08,10,10,Pending,Web,Bank Transfer
101,244,20,2025-08-20,2,0,Shipped,Partner,Crypto
102,65,8,2025-05-10,8,10,Returned,Web,PayPal
103,736,10,2026-02-23,5,5,Shipped,In-Store,PayPal
104,585,27,2025-10-06,3,15,Shipped,In-Store,Credit Card
105,977,34,2025-05-06,9,10,Returned,Web,Crypto
106,895,31,2025-06-12,1,15,Pending,In-Store,Bank Transfer
107,766,2,2025-11-01,6,20,Shipped,In-Store,PayPal
108,751,43,2026-01-09,2,20,Returned,In-Store,PayPal
109,46,23,2025-03-21,9,0,Shipped,Partner,Crypto
110,647,12,2025-05-05,3,0,Pending,Web,Bank Transfer
111,207,3,2025-03-01,4,0,Cancelled,In-Store,Crypto
112,835,35,2025-05-02,8,0,Shipped,Mobile,Bank Transfer
113,366,50,2025-05-10,1,20,Cancelled,In-Store,Credit Card
114,819,24,2025-04-20,7,5,Pending,Partner,Bank Transfer
115,998,12,2025-09-13,8,15,Pending,In-Store,Bank Transfer
116,821,6,2026-02-18,7,0,Pending,Mobile,Bank Transfer
117,329,7,2025-11-10,2,0,Cancelled,In-Store,Crypto
118,618,46,2025-11-11,7,0,Pending,In-Store,Crypto
119,44,47,2025-03-26,6,10,Pending,In-Store,Credit Card
120,77,43,2025-05-06,7,0,Returned,Mobile,Credit Card
121,147,39,2025-06-24,8,0,Shipped,Web,PayPal
122,798,42,2026-02-25,6,0,Pending,Web,PayPal
123,696,29,2025-04-27,6,0,Pending,Web,PayPal
124,543,24,2025-10-17,7,0,Cancelled,Mobile,Credit Card
125,27,48,2025-10-01,3,5,Returned,Partner,Credit Card
126,269,50,2025-10-05,5,15,Pending,Mobile,Bank Transfer
127,711,32,2025-08-31,4,0,Shipped,Web,Crypto
128,177,46,2025-06-11,8,0,Cancelled,In-Store,Credit Card
129,564,35,2025-08-02,5,0,Shipped,Mobile,Bank Transfer
130,521,15,2025-12-25,2,0,Shipped,Mobile,Crypto
131,27,24,2025-11-23,9,10,Cancelled,Partner,PayPal
132,627,6,2025-09-09,2,0,Pending,Partner,Crypto
133,788,27,2025-10-24,10,0,Shipped,In-Store,Credit Card
134,461,30,2026-02-16,9,0,Shipped,Mobile,PayPal
135,444,33,2025-05-30,1,20,Shipped,Mobile,Bank Transfer
136,169,11,2025-11-30,6,15,Shipped,In-Store,Bank Transfer
137,867,6,2025-03-22,5,0,Returned,In-Store,PayPal
138,641,20,2025-03-21,10,10,Shipped,Mobile,PayPal
139,176,43,2025-07-02,10,15,Returned,In-Store,Credit Card
140,846,2,2025-11-22,2,0,Returned,In-Store,PayPal
141,786,37,2025-10-11,7,10,Shipped,Partner,Bank Transfer
142,658,20,2025-12-23,8,0,Pending,In-Store,Crypto
143,75,45,2025-03-28,1,0,Pending,Partner,Crypto
144,476,14,2025-12-03,6,10,Shipped,In-Store,Bank Transfer
145,752,23,2025-11-16,7,0,Cancelled,Web,Bank Transfer
146,248,30,2025-03-03,2,0,Pending,Mobile,PayPal
147,100,4,2025-11-26,5,5,Returned,Partner,PayPal
148,986,11,2025-03-31,6,10,Cancelled,Mobile,PayPal
149,511,33,2025-09-30,8,5,Cancelled,Partner,Credit Card
150,93,26,2026-01-28,9,5,Shipped,Mobile,Bank Transfer
151,50,4,2025-07-09,5,5,Returned,Partner,Bank Transfer
152,550,1,2025-11-03,2,5,Shipped,In-Store,Bank Transfer
153,783,26,2025-11-02,6,0,Pending,Web,PayPal
154,372,36,2025-03-23,5,0,Pending,Partner,Bank Transfer
155,846,40,2025-06-03,10,0,Shipped,Web,Crypto
156,383,22,2025-12-31,9,0,Shipped,Mobile,Crypto
157,513,3,2025-08-10,1,0,Shipped,In-Store,Crypto
158,532,30,2025-11-25,3,10,Returned,Mobile,Bank Transfer
159,954,40,2025-08-21,6,0,Pending,In-Store,Bank Transfer
160,520,33,2025-08-28,9,5,Returned,In-Store,Crypto
161,836,2,2025-12-03,6,0,Shipped,Partner,Bank Transfer
162,816,47,2025-06-21,1,10,Pending,In-Store,PayPal
163,739,4,2026-02-27,10,5,Shipped,Partner,PayPal
164,842,44,2025-05-07,4,0,Returned,Web,PayPal
165,20,29,2025-09-29,6,5,Shipped,Partner,PayPal
166,421,33,2025-03-14,10,5,Shipped,Mobile,PayPal
167,575,21,2025-07-06,8,10,Pending,In-Store,PayPal
168,471,35,2025-08-16,6,10,Cancelled,In-Store,Crypto
169,197,16,2025-08-14,5,10,Cancelled,Mobile,Bank Transfer
170,790,19,2026-01-30,4,15,Pending,In-Store,Crypto
171,358,36,2026-01-02,5,0,Shipped,Partner,Crypto
172,839,23,2026-02-17,3,0,Shipped,In-Store,Credit Card
173,355,29,2025-08-15,5,15,Pending,Mobile,PayPal
174,848,35,2026-01-22,5,10,Cancelled,Mobile,Credit Card
175,631,48,2025-08-11,10,0,Shipped,Web,PayPal
176,654,15,2025-04-20,1,0,Pending,In-Store,Crypto
177,103,44,2025-11-28,3,0,Returned,Mobile,Crypto
178,669,31,2025-07-30,8,15,Shipped,In-Store,Bank Transfer
179,293,42,2025-03-07,1,20,Shipped,Mobile,Credit Card
180,936,12,2025-04-19,7,20,Shipped,Web,Crypto
181,807,32,2025-06-22,3,15,Cancelled,Web,Credit Card
182,306,37,2026-02-24,10,0,Cancelled,In-Store,Crypto
183,657,35,2025-10-16,9,5,Shipped,Partner,Bank Transfer
184,198,8,2025-07-23,6,0,Pending,In-Store,PayPal
185,15,48,2025-03-04,6,20,Cancelled,Mobile,PayPal
186,626,41,2025-12-13,7,20,Pending,In-Store,Credit Card
187,411,43,2025-10-27,2,0,Shipped,Partner,Bank Transfer
188,959,16,2025-05-01,1,0,Pending,Mobile,Crypto
189,772,18,2025-10-02,6,0,Returned,Web,Bank Transfer
190,670,24,2025-05-05,4,0,Shipped,Partner,Bank Transfer
191,164,26,2025-04-02,9,15,Cancelled,Web,Bank Transfer
192,377,40,2025-07-20,4,0,Shipped,Partner,PayPal
193,466,48,2025-04-22,10,0,Pending,Partner,PayPal
194,781,16,2025-06-30,10,20,Shipped,Partner,Bank Transfer
195,80,37,2025-03-06,2,0,Returned,Mobile,PayPal
196,169,21,2025-07-20,9,5,Shipped,Mobile,Crypto
197,94,33,2025-06-18,8,20,Shipped,Partner,PayPal
198,526,27,2026-02-11,8,10,Shipped,Partner,Bank Transfer
199,741,2,2025-09-16,7,0,Shipped,Mobile,Credit Card
200,47,28,2025-05-21,6,15,Shipped,Web,Credit Card
201,957,31,2025-08-24,1,0,Pending,Mobile,PayPal
202,785,42,2025-11-18,7,0,Pending,Partner,Crypto
203,385,6,2025-08-04,9,0,Cancelled,Web,PayPal
204,551,26,2026-02-08,9,0,Shipped,Web,Credit Card
205,306,30,2025-04-26,9,5,Returned,Partner,PayPal
206,254,30,2026-02-16,6,0,Cancelled,Mobile,Credit Card
207,33,43,2025-03-20,7,10,Shipped,Mobile,PayPal
208,69,7,2026-02-13,10,0,Pending,Web,PayPal
209,759,3,2025-03-23,7,5,Shipped,Mobile,Credit Card
210,144,33,2025-06-25,5,0,Returned,In-Store,Bank Transfer
211,243,20,2025-08-20,3,15,Returned,Mobile,Crypto
212,308,18,2025-06-12,1,10,Returned,Mobile,Crypto
213,570,32,2025-05-24,1,0,Pending,In-Store,Crypto
214,419,10,2026-02-07,5,5,Shipped,Partner,PayPal
215,870,15,2025-12-18,5,20,Shipped,Partner,Credit Card
216,576,27,2025-07-29,7,10,Returned,Mobile,Crypto
217,249,17,2025-03-03,4,0,Shipped,Partner,Bank Transfer
218,95,35,2025-06-19,4,0,Cancelled,Partner,Credit Card
219,895,5,2025-04-26,4,20,Returned,Mobile,Crypto
220,214,22,2025-10-15,5,0,Shipped,Mobile,Credit Card
221,765,49,2025-11-04,8,0,Returned,Mobile,Crypto
222,938,16,2025-08-03,9,0,Cancelled,Partner,Crypto
223,547,42,2025-04-12,6,0,Cancelled,In-Store,Crypto
224,478,7,2025-04-15,8,20,Cancelled,Mobile,Bank Transfer
225,321,27,2025-06-10,1,10,Shipped,Mobile,Credit Card
226,268,36,2025-11-19,10,10,Pending,In-Store,PayPal
227,201,22,2025-12-19,4,5,Returned,Mobile,Crypto
228,564,42,2026-01-09,6,0,Pending,Partner,Crypto
229,173,47,2025-07-12,6,0,Shipped,Partner,PayPal
230,939,35,2026-02-17,1,10,Shipped,Web,Credit Card
231,783,1,2025-03-22,7,0,Shipped,Web,PayPal
232,10,14,2025-08-09,9,5,Cancelled,Web,Crypto
233,676,32,2025-07-29,1,0,Returned,Partner,Credit Card
234,18,34,2025-05-14,5,10,Cancelled,Web,Crypto
235,826,12,2025-06-26,2,0,Returned,Mobile,PayPal
236,197,40,2025-05-23,9,0,Cancelled,In-Store,Crypto
237,81,24,2026-01-12,7,5,Returned,Mobile,PayPal
238,308,44,2025-06-21,2,15,Shipped,Web,Crypto
239,389,25,2026-01-28,9,5,Shipped,Web,PayPal
240,85,32,2026-02-17,7,15,Cancelled,Web,Credit Card
241,236,14,2025-12-11,10,5,Cancelled,Web,Credit Card
242,701,18,2025-09-18,9,10,Shipped,Mobile,Bank Transfer
243,17,14,2025-09-26,10,0,Pending,Web,Bank Transfer
244,167,37,2025-06-28,4,10,Pending,In-Store,Crypto
245,774,48,2025-05-09,3,20,Shipped,In-Store,Credit Card
246,101,28,2025-04-14,4,20,Shipped,In-Store,Crypto
247,993,50,2025-06-24,6,0,Cancelled,Partner,Crypto
248,234,23,2025-10-16,9,5,Pending,Mobile,Crypto
249,88,50,2026-02-17,10,0,Shipped,Web,Credit Card
250,275,10,2025-05-21,7,15,Shipped,Partner,Bank Transfer
251,370,7,2025-10-01,2,0,Cancelled,Partner,Bank Transfer
252,780,18,2025-05-24,2,0,Shipped,Mobile,Crypto
253,460,36,2025-12-23,9,10,Pending,Web,Credit Card
254,92,23,2025-08-24,9,0,Returned,In-Store,Crypto
255,13,19,2025-08-17,7,5,Shipped,Mobile,PayPal
256,702,25,2025-03-06,3,0,Cancelled,In-Store,Bank Transfer
257,505,10,2025-09-02,2,0,Pending,In-Store,Crypto
258,307,31,2025-04-02,2,0,Cancelled,Mobile,Crypto
259,609,40,2025-11-28,4,5,Shipped,Mobile,Bank Transfer
260,7,26,2025-10-13,6,20,Returned,Partner,Bank Transfer
261,451,22,2025-03-28,7,20,Returned,Mobile,Bank Transfer
262,329,39,2025-08-25,4,5,Cancelled,Mobile,Crypto
263,992,21,2025-10-05,5,15,Pending,Mobile,Bank Transfer
264,386,18,2026-01-19,7,0,Shipped,Mobile,PayPal
265,699,50,2026-02-12,9,0,Pending,Mobile,Crypto
266,817,19,2025-06-04,2,20,Pending,Partner,PayPal
267,649,20,2025-08-10,4,0,Shipped,Partner,Crypto
268,76,29,2025-12-08,10,5,Returned,Partner,Crypto
269,557,3,2025-12-13,6,15,Returned,Web,Credit Card
270,788,16,2025-06-08,6,0,Returned,Web,Crypto
271,991,49,2025-04-20,6,20,Pending,Web,Credit Card
272,101,17,2026-01-03,4,10,Returned,Mobile,Crypto
273,384,26,2025-03-20,8,20,Returned,Mobile,Bank Transfer
274,26,31,2025-05-28,2,0,Pending,Web,Credit Card
275,852,47,2025-10-16,3,0,Cancelled,In-Store,Crypto
276,804,14,2025-06-26,9,5,Cancelled,Partner,Credit Card
277,449,47,2025-12-25,8,0,Shipped,In-Store,Credit Card
278,830,46,2025-08-22,2,0,Cancelled,Web,PayPal
279,953,48,2025-04-21,4,10,Shipped,Mobile,Bank Transfer
280,574,28,2025-06-06,8,0,Pending,Mobile,PayPal
281,656,43,2025-06-24,7,5,Shipped,Mobile,Crypto
282,607,28,2026-02-22,7,0,Shipped,Mobile,Bank Transfer
283,771,46,2025-10-06,2,10,Shipped,Mobile,Bank Transfer
284,334,13,2025-09-11,8,0,Cancelled,Partner,Bank Transfer
285,612,25,2025-12-25,10,5,Returned,Web,Bank Transfer
286,361,30,2025-10-21,10,0,Cancelled,Web,PayPal
287,321,8,2026-02-12,4,0,Shipped,Mobile,Bank Transfer
288,711,10,2025-10-03,9,5,Pending,Mobile,Crypto
289,434,12,2025-04-12,8,15,Returned,Mobile,PayPal
290,502,19,2025-11-22,3,0,Cancelled,Partner,Credit Card
291,887,23,2025-11-23,1,5,Shipped,Mobile,Crypto
292,987,36,2025-05-09,9,15,Pending,Partner,Crypto
293,426,46,2025-12-16,8,5,Shipped,Web,Credit Card
294,815,49,2025-06-10,4,0,Shipped,In-Store,PayPal
295,551,19,2025-12-13,3,20,Pending,Partner,Credit Card
296,587,8,2025-07-31,5,20,Returned,In-Store,Credit Card
297,779,47,2025-12-23,8,10,Shipped,Partner,Credit Card
298,754,42,2025-03-02,4,0,Shipped,Partner,Bank Transfer
299,357,6,2025-06-02,8,20,Shipped,Mobile,PayPal
300,831,48,2025-04-20,10,15,Cancelled,Partner,PayPal
301,631,9,2025-03-08,4,20,Shipped,Web,Bank Transfer
302,546,18,2025-10-23,10,10,Shipped,In-Store,Bank Transfer
303,297,37,2025-12-03,5,20,Returned,Web,PayPal
304,986,49,2025-03-27,7,0,Cancelled,Mobile,PayPal
305,256,10,2025-08-16,6,20,Shipped,Partner,Crypto
306,146,37,2026-01-25,5,15,Pending,Partner,Crypto
307,78,41,2025-04-22,2,5,Returned,In-Store,Bank Transfer
308,466,32,2025-10-14,6,10,Shipped,Web,Crypto
309,651,43,2025-09-18,6,20,Shipped,Partner,PayPal
310,992,28,2025-10-02,4,5,Cancelled,In-Store,Bank Transfer
311,346,36,2025-12-01,10,0,Returned,Partner,Bank Transfer
312,916,44,2025-04-07,1,0,Shipped,Partner,Credit Card
313,128,11,2025-06-07,8,5,Shipped,Partner,PayPal
314,706,9,2025-06-07,5,0,Cancelled,Web,Bank Transfer
315,257,6,2025-11-12,6,15,Shipped,Web,Crypto
316,641,20,2025-08-11,4,5,Shipped,Web,Credit Card
317,219,31,2025-04-27,2,0,Returned,Mobile,Crypto
318,10,1,2025-04-15,6,20,Shipped,Partner,PayPal
319,490,5,2026-02-11,4,5,Shipped,Web,Credit Card
320,321,24,2025-04-13,5,0,Pending,Mobile,PayPal
321,71,34,2026-01-10,10,0,Returned,Mobile,Crypto
322,360,47,2025-09-17,4,15,Shipped,Partner,Crypto
323,881,14,2025-07-11,2,0,Shipped,Web,Crypto
324,360,28,2025-06-22,6,20,Shipped,Mobile,Bank Transfer
325,661,6,2025-11-17,4,10,Returned,In-Store,Credit Card
326,869,43,2025-09-16,5,0,Returned,Mobile,Crypto
327,303,42,2025-10-15,1,20,Shipped,Partner,Crypto
328,116,16,2025-10-21,8,15,Returned,Web,Credit Card
329,370,21,2025-07-21,3,5,Returned,Partner,Bank Transfer
330,560,44,2025-06-26,3,20,Pending,Web,Credit Card
331,602,5,2025-12-30,1,0,Shipped,Web,Credit Card
332,972,26,2025-03-11,9,0,Returned,Partner,Crypto
333,719,26,2025-06-10,2,15,Returned,Mobile,Bank Transfer
334,86,20,2025-09-22,2,10,Shipped,Mobile,Bank Transfer
335,401,38,2025-09-23,2,0,Pending,Mobile,Credit Card
336,251,6,2026-01-16,7,0,Pending,Web,Bank Transfer
337,683,48,2025-03-19,3,0,Shipped,Mobile,Credit Card
338,168,32,2025-11-16,6,10,Returned,In-Store,PayPal
339,381,9,2025-04-16,5,15,Shipped,Web,Bank Transfer
340,827,28,2025-03-22,5,10,Shipped,In-Store,Credit Card
341,509,30,2025-03-23,9,0,Shipped,Partner,PayPal
342,377,11,2025-04-23,5,20,Shipped,Web,PayPal
343,759,33,2025-09-06,1,0,Shipped,Mobile,Credit Card
344,484,24,2026-02-06,7,0,Shipped,Web,Crypto
345,230,21,2025-05-24,4,5,Cancelled,In-Store,Credit Card
346,586,24,2025-11-30,2,10,Shipped,Mobile,PayPal
347,824,34,2026-02-17,1,5,Shipped,Partner,Bank Transfer
348,793,20,2025-06-30,6,0,Returned,Partner,Credit Card
349,378,13,2025-07-28,5,10,Cancelled,Mobile,Crypto
350,378,38,2025-11-28,8,20,Shipped,Mobile,PayPal
351,7,27,2025-08-26,1,0,Returned,In-Store,Credit Card
352,974,22,2025-09-14,1,20,Pending,In-Store,Credit Card
353,211,34,2025-09-07,4,5,Pending,Web,PayPal
354,729,18,2025-10-19,2,0,Shipped,Partner,Bank Transfer
355,470,48,2025-07-21,2,10,Shipped,Mobile,Crypto
356,77,38,2025-04-24,10,0,Pending,Mobile,PayPal
357,299,17,2025-12-25,6,20,Pending,In-Store,Bank Transfer
358,464,18,2025-12-22,4,0,Shipped,Mobile,Credit Card
359,160,7,2025-08-10,3,5,Pending,In-Store,Crypto
360,124,35,2025-04-10,6,20,Shipped,Partner,Bank Transfer
361,475,17,2026-01-26,2,0,Shipped,In-Store,Credit Card
362,221,21,2025-06-02,3,0,Shipped,In-Store,Crypto
363,526,4,2025-05-25,5,0,Shipped,Web,Crypto
364,876,29,2025-10-20,9,15,Returned,Mobile,Credit Card
365,474,7,2025-09-19,3,0,Shipped,Web,PayPal
366,134,13,2025-03-18,7,0,Shipped,In-Store,Credit Card
367,23,5,2026-01-01,4,15,Pending,Mobile,Credit Card
368,927,22,2025-05-20,2,0,Pending,Web,PayPal
369,947,37,2025-03-14,7,20,Pending,Partner,Credit Card
370,392,44,2025-05-18,7,0,Cancelled,Mobile,PayPal
371,282,18,2025-05-23,8,0,Shipped,Mobile,Bank Transfer
372,511,27,2025-04-23,9,5,Shipped,Web,Bank Transfer
373,393,9,2026-01-11,7,0,Returned,Mobile,Credit Card
374,392,46,2025-08-29,6,5,Returned,Partner,Bank Transfer
375,935,37,2025-06-25,9,0,Pending,In-Store,PayPal
376,27,21,2025-11-30,10,0,Shipped,In-Store,Credit Card
377,829,31,2025-10-30,9,0,Returned,Mobile,PayPal
378,103,16,2025-03-06,4,0,Returned,Web,PayPal
379,590,25,2025-12-04,6,20,Shipped,Mobile,PayPal
380,607,21,2025-08-26,6,10,Shipped,In-Store,PayPal
381,577,13,2025-10-30,8,10,Cancelled,Mobile,Crypto
382,39,6,2025-11-09,1,0,Returned,Mobile,Credit Card
383,540,31,2025-09-16,1,0,Returned,Mobile,PayPal
384,349,46,2025-03-13,3,20,Cancelled,Web,Credit Card
385,152,38,2025-09-30,3,20,Shipped,In-Store,Credit Card
386,383,46,2025-05-14,7,10,Shipped,In-Store,Bank Transfer
387,331,9,2025-09-28,3,15,Pending,Partner,Bank Transfer
388,179,46,2025-03-01,9,15,Returned,In-Store,PayPal
389,682,38,2025-11-10,3,5,Cancelled,In-Store,PayPal
390,182,47,2025-09-27,1,15,Returned,Partner,Credit Card
391,187,39,2025-07-11,6,20,Returned,Mobile,Credit Card
392,960,32,2026-01-21,3,0,Shipped,Mobile,Bank Transfer
393,328,11,2025-04-28,2,20,Cancelled,Partner,Credit Card
394,272,14,2025-05-15,4,15,Shipped,In-Store,Bank Transfer
395,806,7,2025-09-11,1,0,Pending,Partner,Crypto
396,993,11,2026-01-27,7,5,Pending,In-Store,Crypto
397,104,31,2025-11-26,10,15,Shipped,Mobile,Crypto
398,76,3,2025-06-09,5,0,Cancelled,In-Store,Credit Card
399,76,22,2025-09-18,3,5,Shipped,Web,Credit Card
400,347,39,2025-09-01,10,5,Shipped,Partner,PayPal
401,622,28,2025-04-26,3,0,Shipped,In-Store,PayPal
402,998,13,2025-05-11,7,15,Returned,In-Store,Bank Transfer
403,305,16,2025-10-07,2,0,Pending,Partner,PayPal
404,56,24,2025-06-29,1,5,Shipped,In-Store,Crypto
405,205,7,2025-06-26,1,0,Shipped,In-Store,Credit Card
406,485,8,2025-06-02,5,20,Pending,Partner,Crypto
407,917,43,2025-04-11,5,0,Returned,Partner,PayPal
408,380,25,2025-06-11,6,0,Pending,Web,Bank Transfer
409,451,30,2025-03-09,5,0,Cancelled,Web,PayPal
410,771,45,2025-10-05,2,0,Cancelled,Partner,PayPal
411,567,4,2025-10-23,7,20,Returned,Partner,Crypto
412,587,16,2025-09-02,8,0,Shipped,Partner,Credit Card
413,515,37,2025-07-25,9,20,Returned,Mobile,Credit Card
414,973,49,2025-05-05,8,0,Shipped,Mobile,PayPal
415,130,3,2025-03-14,7,0,Pending,Mobile,PayPal
416,855,39,2025-12-18,5,0,Shipped,Web,Crypto
417,570,26,2025-11-25,9,0,Cancelled,Partner,Credit Card
418,806,45,2026-01-12,10,10,Returned,Partner,Credit Card
419,425,10,2025-05-11,3,10,Returned,Web,Credit Card
420,577,50,2025-09-23,2,20,Cancelled,In-Store,Crypto
421,271,25,2025-11-27,8,10,Returned,Partner,Credit Card
422,177,18,2025-12-28,7,0,Returned,Partner,Credit Card
423,406,22,2025-10-31,4,0,Pending,In-Store,Bank Transfer
424,21,22,2026-01-17,5,0,Cancelled,Partner,Credit Card
425,996,15,2025-12-23,3,0,Pending,In-Store,Bank Transfer
426,747,27,2025-07-09,10,15,Shipped,Mobile,Crypto
427,217,27,2025-03-18,8,20,Returned,In-Store,Credit Card
428,528,11,2025-10-14,2,0,Returned,Partner,PayPal
429,800,34,2025-09-22,10,0,Shipped,Mobile,PayPal
430,858,4,2026-01-16,4,0,Pending,Web,Bank Transfer
431,722,13,2025-05-30,5,0,Pending,Partner,Credit Card
432,698,2,2025-09-02,4,0,Pending,Partner,PayPal
433,984,31,2025-06-20,10,10,Cancelled,In-Store,PayPal
434,858,17,2025-05-17,2,0,Shipped,Partner,Credit Card
435,167,37,2025-05-04,4,20,Shipped,Mobile,PayPal
436,276,42,2025-06-29,7,10,Shipped,Web,Crypto
437,934,9,2025-08-28,3,10,Shipped,Mobile,Bank Transfer
438,623,20,2025-11-17,5,5,Pending,In-Store,Crypto
439,259,14,2025-11-17,8,0,Returned,Partner,Credit Card
440,8,33,2025-08-13,6,10,Returned,In-Store,Bank Transfer
441,701,7,2025-07-20,8,0,Cancelled,In-Store,Bank Transfer
442,883,18,2025-11-29,5,15,Cancelled,Mobile,PayPal
443,530,49,2026-01-30,4,0,Returned,Partner,Bank Transfer
444,698,9,2025-08-21,1,15,Pending,In-Store,Bank Transfer
445,929,27,2025-10-03,7,5,Shipped,Mobile,Bank Transfer
446,744,46,2025-12-14,4,15,Returned,Partner,Bank Transfer
447,520,20,2025-10-29,3,20,Returned,Mobile,Bank Transfer
448,100,31,2026-02-05,3,15,Cancelled,Mobile,Bank Transfer
449,671,6,2025-03-27,4,0,Shipped,In-Store,Crypto
450,808,22,2025-04-07,6,0,Returned,In-Store,Crypto
451,872,8,2025-02-27,8,0,Returned,Web,Crypto
452,911,13,2025-03-10,9,0,Pending,In-Store,Crypto
453,56,10,2025-03-17,3,0,Cancelled,Partner,Crypto
454,147,21,2025-03-03,3,20,Shipped,Partner,Bank Transfer
455,647,12,2025-06-07,6,15,Shipped,Web,Crypto
456,281,14,2025-02-27,3,10,Shipped,Partner,Credit Card
457,133,40,2025-08-08,7,15,Pending,Partner,Crypto
458,989,31,2025-11-20,7,0,Shipped,Mobile,Bank Transfer
459,973,1,2026-02-13,6,20,Returned,Mobile,Credit Card
460,693,1,2025-04-03,4,0,Cancelled,In-Store,PayPal
461,106,25,2025-07-11,9,10,Cancelled,Mobile,Credit Card
462,844,3,2025-10-21,5,0,Pending,In-Store,Crypto
463,910,44,2026-02-17,3,0,Pending,In-Store,PayPal
464,169,26,2025-11-25,1,0,Shipped,Mobile,PayPal
465,752,2,2025-07-13,10,10,Shipped,Web,Bank Transfer
466,729,42,2025-06-09,1,5,Cancelled,Web,Credit Card
467,678,7,2025-10-24,1,0,Shipped,Partner,Crypto
468,390,8,2025-06-15,9,0,Pending,Mobile,PayPal
469,712,44,2025-03-11,1,0,Pending,Web,Bank Transfer
470,638,39,2025-04-11,3,5,Shipped,Web,Bank Transfer
471,117,7,2025-04-19,8,0,Returned,Mobile,Bank Transfer
472,852,34,2025-08-13,4,0,Pending,In-Store,PayPal
473,41,36,2026-02-03,8,0,Pending,In-Store,PayPal
474,3,1,2026-02-21,2,0,Returned,Partner,PayPal
475,973,6,2026-01-27,9,0,Shipped,In-Store,PayPal
476,468,19,2025-04-12,5,5,Shipped,Web,PayPal
477,896,3,2025-10-18,5,0,Cancelled,Partner,Credit Card
478,98,49,2026-02-10,1,0,Shipped,Mobile,Bank Transfer
479,367,29,2025-12-14,10,0,Shipped,In-Store,Bank Transfer
480,188,8,2026-01-15,7,5,Pending,In-Store,Crypto
481,707,31,2026-02-03,7,15,Shipped,Web,PayPal
482,713,47,2025-05-01,1,20,Shipped,Web,Crypto
483,934,38,2025-04-09,8,20,Returned,Partner,PayPal
484,626,25,2025-11-19,6,10,Shipped,Mobile,Crypto
485,943,32,2025-08-12,2,5,Pending,Web,Credit Card
486,268,42,2026-01-17,6,0,Returned,Mobile,Bank Transfer
487,532,34,2025-11-08,10,0,Pending,Mobile,Crypto
488,355,43,2025-06-06,7,0,Returned,Web,Credit Card
489,659,11,2025-03-07,9,20,Pending,Partner,PayPal
490,77,49,2025-09-21,8,0,Shipped,In-Store,Bank Transfer
491,52,33,2025-03-22,4,10,Pending,Partner,PayPal
492,81,30,2025-11-07,8,20,Returned,Partner,Credit Card
493,878,32,2025-05-16,8,0,Shipped,Partner,Credit Card
494,106,26,2025-07-22,7,0,Returned,Web,Credit Card
495,811,39,2025-07-15,10,15,Cancelled,Mobile,Crypto
496,974,22,2025-03-12,6,20,Shipped,Mobile,Crypto
497,340,36,2025-08-04,10,10,Pending,In-Store,Crypto
498,117,7,2025-08-16,4,0,Cancelled,In-Store,Bank Transfer
499,561,34,2025-05-02,6,15,Shipped,Web,PayPal
500,505,9,2025-03-03,7,0,Cancelled,Mobile,PayPal
501,124,26,2026-01-21,4,5,Shipped,In-Store,Credit Card
502,776,27,2025-10-25,1,15,Returned,Web,Crypto
503,469,43,2026-02-13,10,10,Shipped,Partner,Credit Card
504,544,48,2026-01-13,1,10,Pending,Partner,PayPal
505,709,38,2025-11-13,3,15,Shipped,Web,Crypto
506,674,39,2025-11-17,10,0,Returned,Partner,Crypto
507,624,45,2025-05-12,4,0,Pending,In-Store,Bank Transfer
508,464,9,2025-06-04,3,5,Returned,In-Store,Bank Transfer
509,729,48,2025-10-30,9,15,Shipped,Mobile,PayPal
510,640,46,2026-02-14,5,15,Cancelled,Mobile,PayPal
511,516,35,2025-05-06,6,15,Shipped,In-Store,Crypto
512,597,37,2025-11-06,7,15,Returned,In-Store,Crypto
513,828,1,2025-12-20,9,0,Shipped,Partner,PayPal
514,55,43,2026-02-26,1,0,Cancelled,Mobile,Bank Transfer
515,700,17,2025-03-15,3,20,Shipped,In-Store,PayPal
516,772,35,2025-09-21,1,0,Pending,Web,PayPal
517,761,42,2026-01-06,9,5,Shipped,In-Store,Credit Card
518,949,25,2025-09-19,7,5,Cancelled,Web,Credit Card
519,762,17,2025-11-11,4,10,Pending,Mobile,Bank Transfer
520,774,38,2025-12-13,9,15,Returned,Mobile,PayPal
521,302,29,2025-11-15,3,15,Shipped,Mobile,PayPal
522,753,33,2025-11-25,2,5,Shipped,Partner,Bank Transfer
523,570,17,2025-06-11,3,0,Returned,In-Store,Credit Card
524,339,30,2025-03-31,3,0,Shipped,In-Store,Credit Card
525,793,41,2025-07-11,10,20,Cancelled,Partner,Bank Transfer
526,75,46,2025-12-24,6,10,Shipped,Mobile,Credit Card
527,806,33,2025-09-14,3,5,Returned,Partner,Credit Card
528,358,15,2025-07-13,4,15,Cancelled,In-Store,Bank Transfer
529,301,14,2026-01-23,10,10,Pending,Web,Credit Card
530,685,23,2025-11-19,8,0,Returned,Mobile,Credit Card
531,699,21,2025-09-12,7,20,Shipped,Partner,Bank Transfer
532,554,47,2025-06-24,5,0,Returned,In-Store,Crypto
533,499,3,2025-10-18,5,15,Shipped,In-Store,Credit Card
534,971,7,2025-07-25,3,20,Returned,Web,Credit Card
535,216,43,2025-09-27,4,20,Pending,Web,PayPal
536,551,45,2025-07-13,7,15,Shipped,Mobile,Credit Card
537,471,46,2026-02-21,6,0,Shipped,Web,Credit Card
538,183,17,2025-12-04,9,0,Returned,Mobile,Bank Transfer
539,418,25,2025-04-22,8,15,Pending,Partner,Bank Transfer
540,18,25,2025-10-31,2,10,Shipped,Web,Credit Card
541,718,5,2026-01-18,6,10,Shipped,In-Store,Bank Transfer
542,622,6,2025-11-01,5,20,Pending,Partner,Crypto
543,842,43,2025-07-26,1,5,Shipped,Mobile,PayPal
544,765,26,2026-02-13,9,0,Shipped,In-Store,Bank Transfer
545,981,1,2025-03-30,9,20,Returned,Mobile,Credit Card
546,43,1,2025-05-30,10,10,Pending,Web,Bank Transfer
547,216,48,2025-04-18,6,0,Pending,Mobile,PayPal
548,189,15,2026-01-31,10,20,Cancelled,Mobile,Credit Card
549,186,43,2025-10-21,10,20,Shipped,Partner,Credit Card
550,298,43,2025-08-10,2,0,Shipped,Mobile,Crypto
551,975,22,2025-09-12,6,0,Shipped,Web,Bank Transfer
552,635,5,2025-11-03,4,0,Pending,Partner,Bank Transfer
553,632,43,2026-01-18,5,15,Returned,Mobile,Bank Transfer
554,828,21,2025-07-02,7,0,Shipped,In-Store,PayPal
555,805,15,2026-01-29,7,0,Cancelled,Mobile,Bank Transfer
556,899,31,2026-02-21,8,5,Cancelled,In-Store,Crypto
557,565,7,2025-04-21,3,15,Returned,Web,Bank Transfer
558,880,9,2025-07-02,9,0,Cancelled,Web,Credit Card
559,914,2,2025-10-16,9,15,Shipped,Partner,PayPal
560,929,3,2025-11-26,9,0,Returned,Partner,PayPal
561,375,26,2026-01-04,4,20,Returned,In-Store,PayPal
562,476,33,2025-09-24,9,0,Pending,In-Store,Credit Card
563,679,16,2026-02-19,10,15,Shipped,Mobile,Crypto
564,164,12,2025-12-13,10,10,Shipped,Partner,Bank Transfer
565,42,15,2025-12-25,8,0,Shipped,In-Store,Bank Transfer
566,240,3,2025-07-22,4,10,Cancelled,Partner,Crypto
567,940,30,2025-12-25,1,0,Cancelled,Web,Bank Transfer
568,855,48,2026-01-15,5,10,Returned,Mobile,Crypto
569,670,25,2026-02-24,6,10,Shipped,In-Store,Crypto
570,997,15,2025-09-14,9,5,Cancelled,In-Store,Crypto
571,812,31,2025-09-05,10,0,Returned,Mobile,Crypto
572,170,15,2025-09-25,2,10,Cancelled,Mobile,PayPal
573,192,11,2025-05-31,6,10,Shipped,Mobile,Crypto
574,831,22,2025-09-16,2,5,Pending,Partner,PayPal
575,605,11,2026-02-06,7,0,Shipped,Web,PayPal
576,588,38,2025-11-24,3,0,Returned,Web,PayPal
577,58,11,2025-11-04,5,0,Returned,Partner,Credit Card
578,900,47,2025-12-12,5,0,Shipped,Partner,Crypto
579,889,31,2025-08-25,3,0,Pending,Mobile,PayPal
580,639,43,2025-06-26,9,0,Shipped,In-Store,Crypto
581,611,38,2025-12-30,2,0,Pending,Partner,PayPal
582,112,2,2025-07-13,4,10,Returned,Partner,PayPal
583,621,7,2026-02-04,3,5,Returned,Web,Credit Card
584,96,31,2025-09-06,3,10,Returned,Web,Crypto
585,535,27,2025-12-23,6,20,Shipped,Partner,PayPal
586,961,31,2025-05-18,7,0,Returned,Web,Crypto
587,138,17,2025-07-05,8,20,Shipped,Web,Bank Transfer
588,613,35,2025-07-26,7,0,Shipped,Web,Credit Card
589,592,34,2025-11-29,2,10,Shipped,Partner,PayPal
590,705,21,2025-04-06,7,0,Shipped,Mobile,Crypto
591,668,38,2025-10-19,5,0,Returned,Partner,Bank Transfer
592,627,18,2025-08-12,7,20,Shipped,Partner,Crypto
593,184,24,2025-12-29,9,10,Pending,In-Store,Bank Transfer
594,592,23,2026-01-20,7,15,Shipped,Web,PayPal
595,458,45,2025-05-06,3,0,Shipped,Partner,Bank Transfer
596,821,36,2025-02-27,10,15,Shipped,Mobile,Crypto
597,988,41,2025-12-14,1,20,Shipped,Mobile,Crypto
598,949,39,2025-08-30,7,0,Shipped,In-Store,PayPal
599,380,6,2025-04-07,10,0,Pending,Partner,Bank Transfer
600,729,39,2025-04-20,1,20,Shipped,Partner,Crypto
601,11,13,2025-03-25,9,0,Shipped,Web,PayPal
602,630,11,2026-02-09,1,0,Shipped,Web,PayPal
603,89,18,2025-05-26,7,0,Pending,Partner,PayPal
604,531,1,2025-07-25,2,0,Returned,In-Store,Bank Transfer
605,356,18,2025-12-26,4,10,Shipped,Partner,Crypto
606,589,1,2025-09-13,5,0,Pending,Web,Credit Card
607,516,19,2025-04-03,6,0,Returned,In-Store,Bank Transfer
608,711,29,2025-12-22,7,10,Pending,Mobile,Bank Transfer
609,985,50,2025-03-07,8,15,Pending,Web,Crypto
610,120,17,2025-03-10,2,5,Shipped,Mobile,Bank Transfer
611,423,23,2025-04-12,9,10,Shipped,In-Store,PayPal
612,295,6,2025-05-05,7,15,Cancelled,Web,PayPal
613,488,21,2025-12-08,6,0,Returned,In-Store,PayPal
614,970,48,2025-03-25,4,5,Shipped,Mobile,PayPal
615,894,17,2025-05-30,4,0,Shipped,Mobile,Bank Transfer
616,160,50,2026-02-10,2,0,Shipped,Partner,Credit Card
617,783,35,2025-07-31,1,20,Pending,In-Store,Bank Transfer
618,505,37,2025-07-07,5,5,Shipped,In-Store,Crypto
619,228,49,2025-07-24,10,0,Shipped,Partner,Crypto
620,963,35,2025-11-09,1,10,Cancelled,Partner,PayPal
621,469,8,2025-06-16,9,5,Cancelled,Web,Credit Card
622,691,14,2025-07-18,7,10,Shipped,In-Store,Bank Transfer
623,628,17,2025-05-14,3,10,Cancelled,Mobile,Bank Transfer
624,483,40,2025-08-02,6,0,Shipped,Partner,Crypto
625,216,27,2025-09-30,6,0,Pending,In-Store,Crypto
626,185,37,2025-08-21,3,10,Shipped,Web,Bank Transfer
627,824,16,2025-10-10,9,5,Pending,Mobile,PayPal
628,820,48,2025-03-14,3,5,Shipped,Mobile,Crypto
629,512,9,2025-08-25,9,10,Cancelled,Partner,Bank Transfer
630,257,36,2025-03-10,10,0,Pending,Web,PayPal
631,62,14,2025-06-23,5,5,Shipped,Partner,Bank Transfer
632,267,24,2025-03-10,6,10,Returned,In-Store,Bank Transfer
633,21,27,2025-11-10,2,0,Returned,Mobile,PayPal
634,800,19,2026-01-08,6,0,Returned,Partner,Crypto
635,911,6,2025-07-17,7,10,Cancelled,Partner,PayPal
636,890,11,2025-09-12,6,5,Returned,Partner,Credit Card
637,82,11,2025-04-03,6,0,Cancelled,In-Store,Bank Transfer
638,728,18,2025-11-06,10,15,Pending,In-Store,Crypto
639,800,24,2025-10-12,10,10,Pending,Partner,PayPal
640,189,2,2025-07-05,3,15,Shipped,In-Store,Credit Card
641,216,11,2026-02-17,7,0,Shipped,Web,Crypto
642,562,4,2025-08-25,1,20,Pending,Web,Credit Card
643,269,40,2025-03-09,3,0,Pending,In-Store,PayPal
644,254,48,2025-03-13,5,5,Shipped,Mobile,PayPal
645,30,3,2025-08-24,6,20,Cancelled,Partner,Crypto
646,999,35,2026-01-24,5,10,Pending,Mobile,PayPal
647,606,39,2025-08-19,8,15,Returned,Partner,Bank Transfer
648,931,23,2025-09-14,8,10,Shipped,Web,Crypto
649,316,24,2025-03-29,7,0,Shipped,In-Store,Credit Card
650,1,34,2025-11-19,3,0,Cancelled,Partner,Credit Card
651,705,32,2025-11-15,8,0,Shipped,Partner,Bank Transfer
652,612,15,2026-01-30,1,10,Cancelled,Mobile,Crypto
653,904,36,2025-08-12,7,5,Shipped,Mobile,Crypto
654,849,25,2025-11-28,4,0,Shipped,Partner,PayPal
655,530,49,2025-05-26,10,20,Cancelled,In-Store,Bank Transfer
656,423,13,2026-02-22,2,0,Shipped,In-Store,Credit Card
657,653,30,2025-03-11,10,5,Cancelled,Partner,PayPal
658,329,2,2025-06-20,3,0,Returned,Web,PayPal
659,996,7,2025-12-08,5,0,Shipped,Partner,Credit Card
660,239,6,2026-01-05,3,0,Pending,Mobile,Bank Transfer
661,431,20,2025-05-17,8,0,Pending,Web,Bank Transfer
662,83,49,2025-07-27,3,0,Cancelled,Partner,Credit Card
663,557,31,2025-03-02,3,0,Cancelled,Partner,Credit Card
664,125,50,2025-04-14,4,5,Pending,Mobile,Credit Card
665,204,30,2026-01-08,2,10,Shipped,Partner,Crypto
666,698,20,2025-12-09,6,0,Shipped,Web,Bank Transfer
667,493,41,2026-02-04,5,0,Cancelled,Web,PayPal
668,997,8,2025-08-08,4,15,Pending,In-Store,Credit Card
669,172,18,2025-08-29,10,0,Pending,Mobile,Credit Card
670,993,3,2025-08-15,10,20,Pending,Mobile,Bank Transfer
671,790,6,2025-11-09,4,0,Pending,Web,Bank Transfer
672,954,49,2025-07-19,1,0,Cancelled,Mobile,Credit Card
673,129,32,2026-01-31,4,0,Returned,In-Store,Crypto
674,751,13,2025-10-24,1,15,Pending,In-Store,PayPal
675,257,3,2025-03-16,8,15,Pending,In-Store,Crypto
676,195,37,2025-09-29,3,10,Cancelled,In-Store,Crypto
677,282,39,2025-11-09,9,0,Shipped,Mobile,Crypto
678,303,17,2025-08-25,9,0,Pending,Web,Crypto
679,752,12,2026-01-23,1,10,Cancelled,Mobile,Bank Transfer
680,739,5,2025-06-14,9,20,Pending,Mobile,Crypto
681,785,36,2025-04-27,3,10,Cancelled,In-Store,Crypto
682,657,21,2025-06-13,2,0,Returned,Web,Credit Card
683,856,9,2025-06-28,3,20,Shipped,Mobile,Credit Card
684,498,13,2025-04-08,2,0,Returned,Partner,Crypto
685,539,40,2025-04-24,10,0,Shipped,In-Store,PayPal
686,621,46,2025-12-30,2,0,Shipped,Partner,Credit Card
687,480,41,2025-05-10,1,0,Returned,Partner,Bank Transfer
688,814,46,2025-08-23,1,20,Returned,In-Store,Credit Card
689,752,5,2025-03-01,5,0,Shipped,Web,Credit Card
690,743,15,2025-12-07,9,5,Shipped,Mobile,PayPal
691,584,41,2025-12-19,3,10,Returned,Partner,Credit Card
692,785,41,2026-01-24,10,0,Pending,Partner,Credit Card
693,171,12,2025-12-06,9,5,Returned,In-Store,PayPal
694,547,39,2025-03-15,8,0,Cancelled,In-Store,Bank Transfer
695,423,49,2025-05-04,7,20,Cancelled,Mobile,PayPal
696,385,50,2025-07-01,9,15,Cancelled,In-Store,Crypto
697,459,26,2025-11-03,1,15,Shipped,In-Store,Credit Card
698,531,9,2026-01-02,5,0,Cancelled,Mobile,PayPal
699,877,21,2025-05-21,1,20,Cancelled,Mobile,Credit Card
700,39,30,2025-08-08,6,0,Shipped,In-Store,Bank Transfer
701,911,38,2025-11-10,4,0,Cancelled,In-Store,Credit Card
702,585,26,2026-01-26,10,0,Shipped,In-Store,Crypto
703,178,32,2025-04-05,10,20,Shipped,In-Store,Credit Card
704,749,37,2025-04-18,7,0,Shipped,In-Store,Bank Transfer
705,901,28,2025-11-24,7,20,Shipped,Mobile,Credit Card
706,650,50,2026-02-08,7,0,Cancelled,Web,Bank Transfer
707,553,37,2025-09-20,3,0,Returned,Mobile,PayPal
708,52,44,2025-08-06,7,5,Returned,Web,PayPal
709,443,19,2025-07-11,7,0,Shipped,In-Store,Credit Card
710,488,37,2025-11-09,1,10,Pending,In-Store,Credit Card
711,409,33,2025-03-06,7,20,Shipped,Mobile,Crypto
712,573,13,2025-09-07,8,5,Returned,Mobile,PayPal
713,249,5,2025-11-07,5,20,Pending,In-Store,Credit Card
714,116,43,2025-10-17,7,5,Cancelled,In-Store,PayPal
715,329,23,2025-04-06,10,15,Shipped,In-Store,PayPal
716,359,40,2025-08-19,8,10,Shipped,Partner,Credit Card
717,947,15,2025-06-09,4,15,Cancelled,Mobile,Credit Card
718,116,48,2025-09-18,1,0,Returned,Mobile,Bank Transfer
719,15,22,2025-07-31,2,0,Pending,Partner,Credit Card
720,340,14,2025-03-22,9,0,Shipped,In-Store,Crypto
721,638,47,2025-06-03,3,15,Shipped,Partner,Credit Card
722,262,11,2026-02-09,1,0,Shipped,In-Store,Credit Card
723,477,42,2025-07-07,1,0,Pending,In-Store,Bank Transfer
724,886,7,2025-07-23,1,0,Pending,Mobile,Crypto
725,521,46,2026-01-29,2,0,Pending,Web,PayPal
726,204,33,2026-01-24,8,10,Shipped,Web,PayPal
727,945,34,2026-01-13,5,0,Pending,Partner,PayPal
728,19,23,2025-04-12,6,0,Cancelled,Mobile,Bank Transfer
729,832,4,2025-04-27,5,5,Shipped,In-Store,PayPal
730,156,22,2025-09-23,7,15,Shipped,Web,Crypto
731,534,44,2025-10-28,10,20,Shipped,Partner,PayPal
732,587,10,2025-08-09,7,0,Returned,In-Store,Crypto
733,556,9,2026-02-26,4,15,Shipped,Mobile,PayPal
734,317,45,2025-07-13,9,0,Pending,Mobile,PayPal
735,326,5,2025-06-03,9,10,Shipped,Mobile,Bank Transfer
736,860,10,2025-03-23,1,20,Cancelled,Partner,Crypto
737,311,29,2025-12-13,5,0,Shipped,Web,PayPal
738,190,2,2025-05-05,10,10,Cancelled,Mobile,PayPal
739,237,44,2025-07-28,1,0,Shipped,Partner,PayPal
740,515,39,2025-09-19,8,15,Cancelled,Mobile,Crypto
741,504,31,2025-05-23,3,0,Shipped,Mobile,Credit Card
742,419,49,2025-04-21,1,0,Pending,Mobile,PayPal
743,776,14,2025-04-16,2,0,Pending,Partner,Bank Transfer
744,888,30,2025-11-10,4,5,Pending,Web,Crypto
745,738,21,2025-03-03,7,10,Returned,Web,Credit Card
746,463,30,2025-03-20,1,0,Returned,Partner,Credit Card
747,572,25,2025-12-12,9,20,Shipped,Mobile,Bank Transfer
748,451,26,2025-04-09,5,20,Cancelled,Partner,PayPal
749,433,19,2025-10-28,10,0,Returned,Mobile,Crypto
750,850,42,2025-09-29,8,0,Returned,Web,PayPal
751,798,38,2025-03-02,9,0,Pending,Partner,Bank Transfer
752,462,2,2026-01-15,3,5,Returned,Mobile,Crypto
753,93,17,2025-04-18,6,15,Shipped,Web,Credit Card
754,117,46,2026-01-29,8,15,Cancelled,Web,Crypto
755,745,33,2026-01-07,10,0,Pending,Partner,Credit Card
756,787,11,2025-12-17,6,10,Shipped,Mobile,PayPal
757,184,50,2025-05-07,1,5,Cancelled,In-Store,Crypto
758,296,41,2025-08-19,3,0,Shipped,Mobile,Credit Card
759,638,49,2025-08-21,5,0,Pending,Partner,Crypto
760,557,1,2025-04-04,10,5,Shipped,Mobile,Crypto
761,465,27,2025-07-18,8,0,Returned,Web,PayPal
762,904,36,2025-10-16,5,10,Returned,Mobile,Credit Card
763,190,10,2025-09-13,1,15,Cancelled,Web,PayPal
764,875,3,2025-12-18,10,20,Returned,In-Store,Bank Transfer
765,943,6,2025-04-21,1,0,Pending,Mobile,PayPal
766,689,19,2025-04-14,10,15,Returned,Mobile,Crypto
767,768,38,2025-09-01,6,0,Shipped,In-Store,Bank Transfer
768,378,25,2026-01-08,2,20,Pending,Web,Bank Transfer
769,483,9,2025-03-23,2,15,Cancelled,In-Store,Crypto
770,538,14,2025-09-02,4,10,Shipped,Web,Credit Card
771,496,47,2026-02-23,10,20,Cancelled,Partner,Bank Transfer
772,266,34,2025-09-22,10,10,Cancelled,Mobile,Crypto
773,533,47,2025-05-28,8,5,Shipped,Mobile,Bank Transfer
774,199,1,2025-11-29,2,0,Pending,Web,PayPal
775,819,40,2025-12-31,7,5,Shipped,In-Store,Bank Transfer
776,574,41,2025-07-09,4,0,Shipped,In-Store,Bank Transfer
777,810,5,2025-05-20,5,0,Returned,In-Store,Credit Card
778,117,44,2025-06-03,6,0,Pending,Web,PayPal
779,199,22,2025-03-20,6,15,Pending,Partner,Credit Card
780,662,9,2025-08-04,8,0,Pending,In-Store,Crypto
781,803,27,2026-01-11,1,20,Returned,In-Store,Bank Transfer
782,569,35,2025-12-09,1,0,Returned,In-Store,Bank Transfer
783,68,10,2025-03-09,5,20,Shipped,In-Store,Crypto
784,642,35,2025-10-30,3,10,Returned,Partner,PayPal
785,610,8,2026-02-02,5,15,Cancelled,Web,Bank Transfer
786,424,6,2025-07-20,8,0,Cancelled,Partner,Bank Transfer
787,222,34,2025-10-06,5,0,Shipped,In-Store,Credit Card
788,797,13,2026-01-10,2,5,Returned,Web,Crypto
789,927,33,2025-11-27,3,0,Cancelled,Partner,Bank Transfer
790,795,21,2025-04-14,3,20,Shipped,Mobile,PayPal
791,742,3,2025-10-10,8,5,Returned,Web,Credit Card
792,319,3,2025-12-13,10,20,Shipped,In-Store,Crypto
793,911,3,2026-01-18,2,10,Cancelled,Web,Bank Transfer
794,655,14,2025-10-21,6,0,Shipped,In-Store,Bank Transfer
795,546,21,2025-11-30,8,15,Shipped,In-Store,PayPal
796,162,18,2025-04-25,2,0,Returned,Web,PayPal
797,556,23,2025-10-04,9,0,Cancelled,Mobile,Bank Transfer
798,588,16,2025-06-12,3,0,Cancelled,In-Store,Crypto
799,52,9,2025-12-06,1,5,Shipped,Web,Crypto
800,56,6,2025-08-04,7,5,Shipped,Partner,Bank Transfer
801,320,22,2025-03-10,4,15,Returned,Web,Crypto
802,582,9,2025-03-23,2,20,Pending,Web,Crypto
803,318,44,2025-03-30,8,5,Shipped,Mobile,PayPal
804,882,40,2026-01-19,5,0,Pending,Mobile,Bank Transfer
805,808,21,2025-04-21,8,5,Shipped,Web,Crypto
806,116,23,2025-10-19,8,5,Shipped,In-Store,Bank Transfer
807,619,37,2025-07-12,3,10,Shipped,Partner,Credit Card
808,334,36,2025-07-20,2,20,Cancelled,Partner,Crypto
809,605,27,2025-08-16,4,10,Shipped,Mobile,Crypto
810,394,5,2025-12-19,6,0,Returned,Partner,Crypto
811,581,22,2026-01-28,9,15,Shipped,Mobile,Credit Card
812,758,46,2025-06-18,10,20,Pending,Web,Crypto
813,334,36,2025-09-10,2,20,Pending,Mobile,Bank Transfer
814,979,26,2025-06-26,2,10,Shipped,Partner,Bank Transfer
815,507,42,2025-06-19,1,0,Shipped,Mobile,Credit Card
816,776,10,2026-02-09,3,5,Returned,In-Store,Crypto
817,631,37,2025-09-02,8,0,Shipped,In-Store,Bank Transfer
818,584,44,2025-07-18,5,5,Cancelled,Web,Credit Card
819,627,33,2026-01-11,7,20,Shipped,In-Store,Credit Card
820,379,36,2025-11-05,1,0,Returned,In-Store,Credit Card
821,882,19,2025-11-08,1,0,Pending,Partner,Bank Transfer
822,729,25,2026-01-30,7,5,Pending,Mobile,PayPal
823,487,9,2025-10-06,4,10,Pending,In-Store,Crypto
824,158,19,2025-10-26,3,0,Shipped,Web,Credit Card
825,148,47,2025-09-25,8,15,Pending,Mobile,Credit Card
826,141,42,2025-08-17,7,20,Pending,Partner,PayPal
827,466,33,2025-04-01,7,10,Pending,Partner,Bank Transfer
828,232,12,2025-08-25,7,10,Shipped,Partner,PayPal
829,730,33,2025-07-02,5,5,Returned,In-Store,Credit Card
830,39,37,2025-09-04,8,15,Cancelled,Web,Crypto
831,985,45,2025-10-16,2,0,Returned,In-Store,Crypto
832,530,6,2025-05-30,9,10,Shipped,Mobile,Crypto
833,646,48,2025-06-05,2,15,Returned,In-Store,Credit Card
834,926,22,2025-06-06,9,20,Shipped,Partner,Crypto
835,525,31,2025-06-12,10,15,Cancelled,Partner,Bank Transfer
836,984,19,2025-09-02,5,0,Shipped,In-Store,Bank Transfer
837,63,41,2025-06-21,8,10,Shipped,Web,Bank Transfer
838,829,48,2026-01-24,10,0,Cancelled,Partner,Credit Card
839,130,33,2026-01-25,2,20,Cancelled,In-Store,PayPal
840,631,18,2025-09-22,5,20,Cancelled,Web,Credit Card
841,619,12,2025-07-04,10,15,Shipped,Partner,Bank Transfer
842,828,12,2025-06-19,5,20,Shipped,Partner,PayPal
843,819,34,2025-12-26,1,0,Shipped,Mobile,PayPal
844,858,32,2025-09-04,7,20,Pending,Mobile,Crypto
845,744,41,2025-07-27,3,0,Returned,In-Store,Credit Card
846,658,17,2025-06-03,2,0,Shipped,Partner,Crypto
847,488,20,2025-08-01,8,15,Returned,Mobile,Crypto
848,700,46,2025-10-26,7,5,Cancelled,Mobile,Crypto
849,13,19,2025-12-05,8,5,Cancelled,Web,Credit Card
850,940,35,2026-01-18,6,20,Pending,In-Store,Bank Transfer
851,277,18,2025-04-18,2,0,Returned,Partner,Crypto
852,792,44,2025-12-05,4,15,Returned,Mobile,Bank Transfer
853,694,45,2025-06-14,3,0,Returned,Web,Credit Card
854,852,5,2025-11-05,1,5,Shipped,Web,Crypto
855,360,15,2025-07-09,5,0,Shipped,Web,Credit Card
856,635,6,2025-09-13,1,10,Shipped,Web,Credit Card
857,89,39,2025-06-24,3,5,Returned,Mobile,Credit Card
858,713,12,2025-12-16,5,0,Pending,Web,Crypto
859,945,18,2025-09-27,7,15,Cancelled,In-Store,PayPal
860,800,5,2025-05-01,5,20,Shipped,Partner,Crypto
861,341,4,2025-11-19,5,20,Cancelled,Mobile,Crypto
862,72,32,2026-01-13,4,10,Pending,Mobile,Crypto
863,112,10,2025-10-18,9,20,Pending,Mobile,Credit Card
864,935,29,2025-05-13,5,0,Shipped,Web,Credit Card
865,586,47,2025-12-13,5,20,Pending,Web,Crypto
866,153,42,2025-12-27,1,0,Pending,In-Store,PayPal
867,717,22,2025-05-05,7,10,Shipped,Partner,Crypto
868,447,26,2025-10-21,2,10,Shipped,Web,Crypto
869,978,45,2025-08-27,8,0,Returned,In-Store,Bank Transfer
870,699,20,2025-05-27,7,0,Shipped,In-Store,Bank Transfer
871,83,30,2025-08-23,5,15,Shipped,Mobile,Credit Card
872,991,25,2025-06-06,4,0,Pending,Web,Bank Transfer
873,499,6,2025-09-22,8,15,Shipped,Mobile,Credit Card
874,198,2,2025-09-11,10,0,Pending,Partner,Credit Card
875,812,35,2025-04-21,5,5,Returned,Partner,Credit Card
876,38,22,2025-10-06,1,0,Shipped,Partner,Credit Card
877,217,42,2025-05-30,9,5,Returned,Mobile,PayPal
878,948,5,2026-02-15,1,15,Shipped,Partner,Credit Card
879,483,40,2025-12-21,1,0,Shipped,Web,PayPal
880,648,4,2026-02-22,5,20,Shipped,Partner,PayPal
881,856,38,2025-02-28,2,20,Shipped,Web,Crypto
882,610,40,2025-05-07,4,0,Shipped,Partner,Bank Transfer
883,831,48,2026-02-03,7,0,Shipped,Mobile,Bank Transfer
884,857,14,2026-02-01,1,10,Shipped,In-Store,Credit Card
885,124,18,2025-08-12,3,20,Pending,Mobile,Bank Transfer
886,567,11,2026-02-24,8,0,Returned,Web,PayPal
887,103,41,2025-09-28,10,5,Shipped,Web,Crypto
888,83,1,2025-06-08,1,0,Shipped,In-Store,Crypto
889,711,50,2025-09-22,8,15,Shipped,Mobile,PayPal
890,656,18,2025-05-10,9,5,Pending,Mobile,PayPal
891,626,45,2025-03-17,1,10,Shipped,Partner,Credit Card
892,643,20,2025-08-02,6,5,Shipped,Mobile,PayPal
893,121,34,2026-02-21,2,10,Cancelled,Mobile,Crypto
894,789,41,2025-10-02,4,0,Shipped,Mobile,Credit Card
895,816,10,2025-08-20,8,5,Shipped,Mobile,Credit Card
896,56,42,2025-07-18,6,0,Shipped,Partner,Bank Transfer
897,343,40,2025-04-11,8,0,Shipped,Web,PayPal
898,162,2,2025-05-04,8,10,Shipped,Web,PayPal
899,739,29,2025-07-09,10,10,Cancelled,Partner,PayPal
900,766,44,2025-12-17,6,0,Shipped,In-Store,PayPal
901,101,16,2025-03-18,7,20,Shipped,Partner,PayPal
902,76,31,2026-01-03,10,5,Shipped,Partner,PayPal
903,222,40,2025-06-08,8,0,Pending,In-Store,PayPal
904,469,47,2025-09-15,4,15,Cancelled,In-Store,PayPal
905,344,9,2025-06-05,1,15,Returned,Web,Bank Transfer
906,140,8,2025-12-10,8,5,Pending,Mobile,Bank Transfer
907,226,19,2026-01-31,10,0,Returned,Mobile,PayPal
908,89,27,2025-11-05,9,5,Shipped,Partner,Crypto
909,286,1,2025-05-12,7,15,Shipped,Mobile,Bank Transfer
910,445,38,2026-01-19,4,10,Shipped,Web,Crypto
911,46,3,2025-09-22,8,15,Returned,Web,Crypto
912,544,26,2025-03-02,8,20,Shipped,Partner,Crypto
913,247,6,2025-06-30,9,20,Shipped,Partner,PayPal
914,136,23,2025-10-13,5,0,Shipped,Web,Crypto
915,686,20,2025-06-08,3,15,Pending,Web,Crypto
916,475,50,2025-08-03,3,20,Pending,Mobile,Bank Transfer
917,642,30,2025-05-22,1,20,Shipped,Partner,Bank Transfer
918,544,3,2025-10-11,5,5,Cancelled,Mobile,Credit Card
919,636,22,2025-09-23,1,10,Cancelled,Web,Credit Card
920,393,24,2025-06-04,8,10,Shipped,In-Store,Bank Transfer
921,180,42,2025-09-17,9,15,Shipped,Mobile,PayPal
922,343,16,2025-12-31,9,0,Pending,Mobile,PayPal
923,329,23,2025-04-23,5,10,Pending,In-Store,Credit Card
924,65,24,2025-09-17,6,5,Pending,Web,Crypto
925,727,35,2025-06-22,9,0,Pending,In-Store,Credit Card
926,193,30,2025-05-18,2,0,Pending,Mobile,Bank Transfer
927,982,5,2025-12-18,2,0,Cancelled,Web,PayPal
928,509,10,2025-12-25,4,10,Shipped,In-Store,Crypto
929,993,44,2025-05-12,9,0,Pending,In-Store,Crypto
930,455,48,2025-10-10,1,0,Shipped,Web,Credit Card
931,893,15,2026-02-11,9,15,Cancelled,Partner,Bank Transfer
932,672,42,2025-04-01,6,5,Returned,Partner,Crypto
933,312,37,2025-11-25,3,20,Cancelled,Mobile,Bank Transfer
934,233,31,2026-02-20,6,0,Shipped,Mobile,Bank Transfer
935,292,30,2025-06-05,3,10,Shipped,In-Store,PayPal
936,997,12,2025-08-23,3,0,Shipped,Web,Credit Card
937,325,37,2025-04-03,3,5,Cancelled,In-Store,PayPal
938,211,36,2026-01-02,1,15,Cancelled,In-Store,PayPal
939,382,29,2025-05-18,9,0,Returned,In-Store,Credit Card
940,943,2,2025-08-14,7,5,Shipped,Partner,Bank Transfer
941,160,1,2025-04-28,9,10,Cancelled,In-Store,Crypto
942,918,19,2025-05-01,10,15,Shipped,Partner,Bank Transfer
943,706,8,2025-05-18,8,0,Shipped,Web,Bank Transfer
944,26,26,2025-04-07,10,20,Shipped,Partner,Bank Transfer
945,95,21,2025-05-25,1,10,Shipped,Mobile,Bank Transfer
946,201,2,2025-06-19,2,10,Pending,Web,Crypto
947,200,32,2025-09-27,6,10,Returned,Web,Bank Transfer
948,408,10,2025-10-04,7,0,Pending,In-Store,Credit Card
949,292,23,2025-07-18,6,0,Pending,Web,PayPal
950,746,29,2025-05-16,7,20,Pending,In-Store,PayPal
951,826,47,2025-04-04,7,15,Pending,Mobile,Credit Card
952,148,14,2025-03-29,5,5,Returned,In-Store,Credit Card
953,956,38,2025-11-14,7,0,Shipped,Partner,Bank Transfer
954,425,12,2025-08-07,9,5,Returned,Mobile,PayPal
955,191,25,2025-11-24,5,10,Pending,Web,Bank Transfer
956,855,38,2025-07-17,5,5,Returned,Partner,PayPal
957,28,1,2025-10-10,3,0,Cancelled,Partner,Credit Card
958,670,43,2025-07-16,5,5,Shipped,Partner,PayPal
959,30,8,2025-09-13,5,5,Shipped,In-Store,Crypto
960,580,28,2025-06-06,5,15,Pending,Web,Bank Transfer
961,525,47,2026-01-15,10,0,Cancelled,Mobile,Credit Card
962,150,21,2025-08-25,8,15,Shipped,In-Store,PayPal
963,55,18,2025-12-12,6,5,Cancelled,Web,Bank Transfer
964,299,34,2025-09-06,2,10,Shipped,Mobile,Credit Card
965,614,49,2025-06-24,3,10,Cancelled,In-Store,Bank Transfer
966,278,44,2025-08-28,6,0,Returned,In-Store,PayPal
967,14,9,2025-10-10,9,0,Cancelled,Partner,Crypto
968,349,11,2025-12-30,2,0,Shipped,Mobile,PayPal
969,815,36,2025-10-06,10,15,Returned,Web,Crypto
970,472,5,2025-07-13,2,20,Shipped,Web,Crypto
971,357,20,2025-11-11,6,0,Pending,In-Store,PayPal
972,727,20,2025-10-04,1,15,Shipped,Mobile,PayPal
973,878,45,2025-11-09,3,15,Shipped,In-Store,PayPal
974,215,9,2025-07-15,2,5,Shipped,Web,Credit Card
975,794,31,2025-12-12,7,0,Shipped,Web,Credit Card
976,813,43,2025-05-13,9,10,Shipped,Partner,Credit Card
977,931,17,2025-06-22,1,0,Cancelled,Web,Credit Card
978,802,8,2025-07-25,10,0,Returned,Mobile,PayPal
979,687,23,2025-05-29,1,0,Shipped,In-Store,Bank Transfer
980,361,11,2025-06-13,9,20,Returned,Mobile,Credit Card
981,102,38,2025-05-22,1,10,Shipped,Mobile,Bank Transfer
982,176,49,2025-10-04,9,0,Shipped,Mobile,Crypto
983,376,45,2025-08-17,10,0,Pending,Web,PayPal
984,855,23,2025-03-07,7,5,Shipped,Mobile,Crypto
985,116,49,2026-02-04,6,0,Pending,Web,PayPal
986,508,49,2025-05-27,6,15,Cancelled,Web,Credit Card
987,336,32,2025-11-09,2,5,Cancelled,Partner,Bank Transfer
988,704,29,2025-08-11,4,10,Pending,In-Store,Crypto
989,194,5,2025-12-16,8,15,Cancelled,Mobile,Credit Card
990,691,32,2025-07-19,2,5,Pending,Web,Credit Card
991,147,26,2025-07-03,7,15,Returned,Web,PayPal
992,67,24,2025-07-16,4,0,Shipped,Partner,Credit Card
993,239,28,2025-08-25,8,0,Returned,In-Store,Crypto
994,365,31,2025-11-19,10,5,Pending,In-Store,PayPal
995,787,30,2026-01-25,2,0,Cancelled,Partner,Crypto
996,237,41,2025-03-31,3,0,Shipped,Web,Credit Card
997,511,44,2025-05-31,1,0,Pending,In-Store,PayPal
998,311,40,2025-05-21,10,0,Shipped,Partner,Crypto
999,207,19,2025-07-11,8,5,Returned,In-Store,Bank Transfer
1000,829,35,2026-02-26,9,0,Shipped,Partner,Credit Card
1001,393,29,2025-08-21,6,20,Pending,Partner,Crypto
1002,37,3,2025-04-29,3,10,Cancelled,Mobile,Crypto
1003,442,9,2026-01-05,5,15,Pending,Partner,Credit Card
1004,583,44,2025-10-21,8,15,Returned,Partner,Crypto
1005,576,11,2025-10-04,9,0,Pending,In-Store,Crypto
1006,606,25,2025-12-20,10,15,Cancelled,In-Store,Bank Transfer
1007,63,2,2026-01-02,10,0,Shipped,In-Store,Bank Transfer
1008,829,48,2026-02-20,10,0,Cancelled,Partner,Credit Card
1009,439,23,2025-07-10,6,5,Cancelled,Web,PayPal
1010,254,16,2025-12-02,5,10,Shipped,Web,Bank Transfer
1011,118,22,2025-03-31,3,0,Returned,In-Store,Credit Card
1012,472,43,2026-01-28,7,10,Returned,Partner,Bank Transfer
1013,21,45,2025-04-01,8,10,Shipped,In-Store,Crypto
1014,585,25,2025-11-08,6,10,Shipped,Partner,Credit Card
1015,708,44,2025-03-17,4,0,Pending,In-Store,PayPal
1016,630,20,2025-03-28,6,5,Shipped,Partner,Credit Card
1017,861,35,2026-02-03,4,0,Cancelled,Web,Bank Transfer
1018,588,26,2025-08-11,4,10,Shipped,Web,Bank Transfer
1019,280,5,2025-06-14,10,20,Returned,Partner,Crypto
1020,215,23,2026-01-07,2,15,Cancelled,In-Store,Crypto
1021,680,35,2025-06-08,6,0,Pending,Partner,Bank Transfer
1022,640,33,2026-01-28,8,15,Returned,Mobile,Credit Card
1023,643,46,2025-05-21,9,20,Shipped,Partner,PayPal
1024,677,48,2025-06-21,8,0,Returned,Partner,Credit Card
1025,535,13,2025-09-05,6,5,Shipped,Mobile,PayPal
1026,765,44,2025-05-22,5,20,Pending,Partner,Bank Transfer
1027,881,5,2025-04-01,4,20,Pending,In-Store,Bank Transfer
1028,662,11,2025-03-18,5,15,Returned,Mobile,Crypto
1029,245,8,2025-10-24,3,0,Shipped,Mobile,Bank Transfer
1030,476,32,2025-12-11,9,5,Pending,Web,PayPal
1031,164,18,2026-02-11,3,0,Cancelled,In-Store,PayPal
1032,660,3,2026-02-06,8,20,Shipped,Web,Credit Card
1033,322,39,2025-05-02,5,20,Shipped,Partner,Bank Transfer
1034,688,43,2025-09-15,2,5,Shipped,Mobile,Credit Card
1035,585,48,2026-02-06,9,0,Returned,In-Store,Crypto
1036,906,6,2026-01-20,4,10,Shipped,In-Store,Bank Transfer
1037,853,38,2025-05-24,7,20,Shipped,Partner,PayPal
1038,148,7,2025-12-19,3,0,Cancelled,Partner,Crypto
1039,261,38,2025-05-09,1,5,Returned,In-Store,Credit Card
1040,325,35,2025-11-14,7,5,Shipped,In-Store,PayPal
1041,372,31,2025-03-23,6,20,Cancelled,Web,Credit Card
1042,862,48,2025-04-05,1,15,Shipped,In-Store,Crypto
1043,317,41,2025-12-23,6,20,Shipped,Mobile,Crypto
1044,398,1,2025-05-03,7,0,Cancelled,Web,PayPal
1045,305,14,2025-04-13,3,5,Cancelled,Partner,Credit Card
1046,281,6,2025-08-15,8,5,Pending,In-Store,Crypto
1047,898,7,2025-12-02,3,15,Cancelled,Web,Bank Transfer
1048,431,39,2025-11-18,9,15,Cancelled,Partner,Credit Card
1049,781,4,2025-04-23,3,15,Pending,Mobile,Credit Card
1050,411,13,2026-02-03,5,0,Returned,Web,Credit Card
1051,162,16,2025-05-27,9,15,Shipped,Partner,Bank Transfer
1052,463,31,2025-03-02,3,0,Shipped,In-Store,Bank Transfer
1053,204,6,2026-01-06,7,0,Shipped,Partner,Crypto
1054,968,37,2025-12-04,4,0,Shipped,Mobile,Credit Card
1055,998,30,2025-09-02,4,0,Shipped,Web,Crypto
1056,633,28,2025-03-06,10,0,Shipped,Web,Bank Transfer
1057,175,37,2025-08-30,2,0,Returned,Partner,Crypto
1058,848,44,2025-03-19,8,0,Shipped,Mobile,PayPal
1059,969,18,2025-04-17,5,15,Pending,Partner,PayPal
1060,442,14,2025-03-16,10,0,Cancelled,Mobile,Crypto
1061,185,27,2025-04-25,3,0,Cancelled,In-Store,PayPal
1062,633,29,2025-04-16,4,0,Returned,Partner,Credit Card
1063,11,31,2026-01-08,3,20,Cancelled,Partner,PayPal
1064,731,25,2025-12-29,7,15,Returned,In-Store,Credit Card
1065,98,36,2025-09-25,1,0,Cancelled,Mobile,Crypto
1066,931,23,2025-06-09,10,15,Returned,Web,Credit Card
1067,260,33,2025-05-27,10,5,Cancelled,Partner,Bank Transfer
1068,136,36,2025-05-02,1,10,Shipped,In-Store,PayPal
1069,516,32,2025-04-08,6,5,Shipped,Web,Bank Transfer
1070,728,34,2025-05-28,7,0,Cancelled,Web,Bank Transfer
1071,46,9,2025-10-19,8,20,Cancelled,In-Store,Crypto
1072,290,17,2025-11-30,10,20,Cancelled,In-Store,Crypto
1073,915,11,2025-03-23,6,15,Pending,Mobile,Crypto
1074,55,13,2025-07-15,3,0,Shipped,Mobile,Credit Card
1075,482,17,2025-02-27,3,15,Pending,Partner,Credit Card
1076,917,32,2025-08-14,1,5,Cancelled,Partner,Crypto
1077,505,8,2025-12-16,3,0,Cancelled,Web,PayPal
1078,890,19,2025-11-01,3,20,Shipped,In-Store,PayPal
1079,598,1,2025-07-21,9,20,Returned,Mobile,Crypto
1080,943,5,2025-09-13,4,20,Pending,Web,Bank Transfer
1081,27,19,2025-07-24,2,5,Cancelled,Web,Bank Transfer
1082,158,2,2025-09-07,2,5,Pending,Partner,Bank Transfer
1083,609,43,2026-02-14,1,0,Shipped,Partner,Bank Transfer
1084,971,47,2026-02-07,10,0,Shipped,Web,Bank Transfer
1085,331,4,2025-07-06,2,10,Returned,Partner,Credit Card
1086,409,17,2025-10-06,3,0,Pending,Web,Credit Card
1087,873,14,2025-11-16,3,5,Pending,In-Store,PayPal
1088,124,20,2025-11-28,8,20,Pending,In-Store,PayPal
1089,368,43,2025-11-29,2,20,Cancelled,Mobile,Crypto
1090,457,25,2025-09-06,8,0,Returned,Partner,Credit Card
1091,775,28,2025-07-26,6,10,Shipped,Partner,Crypto
1092,96,3,2025-08-30,9,0,Pending,Mobile,PayPal
1093,954,32,2025-08-28,9,15,Returned,Web,Bank Transfer
1094,480,28,2025-12-18,2,20,Pending,In-Store,PayPal
1095,131,44,2025-05-13,5,20,Shipped,Partner,Bank Transfer
1096,583,4,2025-10-04,9,0,Shipped,Web,Crypto
1097,423,7,2025-07-11,8,15,Returned,In-Store,Bank Transfer
1098,261,38,2025-06-16,2,20,Returned,Web,Credit Card
1099,759,43,2025-10-06,8,0,Shipped,Partner,Credit Card
1100,86,27,2025-07-27,5,0,Returned,Partner,Crypto
1101,639,17,2025-07-14,6,20,Shipped,Mobile,PayPal
1102,81,48,2025-07-13,10,0,Shipped,Partner,Credit Card
1103,6,26,2025-06-22,2,0,Shipped,Partner,Crypto
1104,709,26,2025-05-10,10,15,Pending,In-Store,Bank Transfer
1105,708,44,2025-03-04,7,20,Cancelled,Web,PayPal
1106,139,1,2025-08-05,4,0,Shipped,Mobile,Credit Card
1107,215,31,2025-10-18,3,15,Shipped,Partner,PayPal
1108,89,20,2025-04-21,8,0,Pending,Partner,Credit Card
1109,120,11,2026-01-09,3,15,Pending,Partner,Crypto
1110,21,29,2025-12-13,10,0,Shipped,In-Store,Crypto
1111,53,22,2025-11-28,1,0,Pending,Partner,Crypto
1112,755,38,2025-10-22,10,15,Returned,In-Store,Credit Card
1113,500,26,2025-06-17,8,10,Returned,Partner,PayPal
1114,732,4,2025-05-27,9,0,Pending,In-Store,Credit Card
1115,275,42,2025-03-04,7,5,Shipped,Partner,Bank Transfer
1116,460,45,2025-05-21,7,0,Shipped,In-Store,PayPal
1117,481,23,2025-08-06,8,0,Returned,Mobile,Bank Transfer
1118,944,39,2025-08-24,8,0,Cancelled,Partner,Crypto
1119,854,44,2025-08-16,6,20,Pending,Mobile,PayPal
1120,290,45,2025-08-16,2,15,Pending,Mobile,PayPal
1121,205,11,2026-01-15,10,5,Shipped,Partner,Crypto
1122,311,16,2025-08-15,4,10,Shipped,Web,Bank Transfer
1123,903,17,2025-07-29,6,15,Shipped,Mobile,Credit Card
1124,827,5,2025-03-17,6,5,Shipped,Mobile,Credit Card
1125,576,15,2026-02-08,8,0,Cancelled,In-Store,Credit Card
1126,789,36,2026-01-21,5,0,Returned,Web,Credit Card
1127,949,29,2026-01-30,8,20,Shipped,Web,Credit Card
1128,844,36,2025-06-15,1,10,Shipped,Mobile,Credit Card
1129,892,14,2025-03-18,6,0,Cancelled,Partner,Crypto
1130,751,7,2025-08-16,3,15,Cancelled,In-Store,PayPal
1131,126,13,2025-07-18,8,5,Shipped,Mobile,Crypto
1132,350,19,2025-10-24,9,0,Shipped,In-Store,Bank Transfer
1133,733,49,2025-08-04,7,0,Shipped,Mobile,Crypto
1134,807,15,2025-10-03,3,20,Pending,Partner,Crypto
1135,920,30,2025-07-06,9,20,Cancelled,Web,Crypto
1136,150,50,2025-09-02,1,15,Returned,Web,Credit Card
1137,347,21,2025-08-20,7,20,Shipped,Partner,Credit Card
1138,403,49,2026-02-03,1,15,Shipped,Web,Bank Transfer
1139,430,26,2026-01-10,9,20,Cancelled,In-Store,Bank Transfer
1140,9,18,2025-08-21,9,10,Shipped,Partner,Crypto
1141,660,14,2025-07-06,9,10,Returned,Partner,Bank Transfer
1142,909,42,2025-05-08,7,20,Shipped,In-Store,Credit Card
1143,38,35,2026-01-30,6,5,Shipped,In-Store,PayPal
1144,96,33,2025-04-28,9,0,Returned,In-Store,PayPal
1145,24,2,2026-02-25,9,10,Cancelled,Mobile,Bank Transfer
1146,744,28,2025-04-21,9,0,Shipped,In-Store,Bank Transfer
1147,643,33,2025-11-14,6,0,Shipped,Web,Crypto
1148,306,37,2025-06-05,1,5,Cancelled,Mobile,PayPal
1149,359,20,2025-03-08,5,15,Returned,Mobile,Crypto
1150,533,48,2025-05-18,4,0,Cancelled,Mobile,Bank Transfer
1151,466,7,2025-09-05,3,15,Pending,Partner,Credit Card
1152,95,4,2025-03-07,7,0,Pending,Mobile,Crypto
1153,80,24,2025-07-24,9,5,Returned,Partner,Bank Transfer
1154,599,32,2025-12-16,7,5,Pending,Partner,PayPal
1155,148,33,2025-08-14,3,5,Pending,Mobile,Credit Card
1156,712,14,2025-10-12,8,5,Shipped,Mobile,Bank Transfer
1157,944,8,2025-06-11,10,20,Pending,Web,Credit Card
1158,379,37,2025-03-17,5,0,Returned,Mobile,Credit Card
1159,381,20,2025-09-04,6,0,Cancelled,Partner,Credit Card
1160,811,10,2025-04-13,3,20,Returned,Partner,Credit Card
1161,960,20,2025-08-06,5,0,Shipped,Partner,Credit Card
1162,126,36,2025-08-24,6,0,Shipped,Partner,Crypto
1163,587,20,2025-12-03,10,5,Cancelled,Partner,Crypto
1164,855,47,2025-03-12,10,0,Shipped,Partner,Crypto
1165,684,29,2025-12-09,3,20,Cancelled,Web,Crypto
1166,397,15,2025-11-20,7,0,Returned,Web,Crypto
1167,754,18,2025-09-22,2,20,Shipped,Web,Bank Transfer
1168,575,42,2025-03-23,2,15,Returned,Web,PayPal
1169,979,40,2026-02-16,9,10,Shipped,Mobile,Crypto
1170,515,2,2026-02-03,2,15,Returned,Mobile,Credit Card
1171,282,14,2025-07-15,4,20,Returned,Partner,Credit Card
1172,827,35,2025-10-26,10,0,Pending,Web,Crypto
1173,883,2,2025-08-06,6,5,Shipped,Partner,Credit Card
1174,881,34,2025-11-18,6,5,Cancelled,Web,Credit Card
1175,102,35,2025-06-04,3,0,Shipped,Mobile,Bank Transfer
1176,787,6,2025-04-20,3,0,Pending,Mobile,Credit Card
1177,630,21,2026-01-27,3,0,Shipped,In-Store,Crypto
1178,102,21,2025-04-02,3,5,Cancelled,In-Store,Crypto
1179,965,8,2025-07-17,1,0,Shipped,Mobile,Crypto
1180,521,49,2025-07-21,9,5,Shipped,In-Store,Credit Card
1181,326,30,2025-03-14,9,5,Shipped,Partner,Credit Card
1182,418,41,2025-06-17,4,0,Cancelled,Web,PayPal
1183,782,36,2026-02-11,3,0,Returned,Partner,Crypto
1184,86,41,2025-05-09,9,0,Shipped,In-Store,PayPal
1185,801,16,2025-09-23,9,5,Returned,Partner,Credit Card
1186,2,30,2025-07-29,10,0,Shipped,Web,Credit Card
1187,956,31,2025-12-26,5,10,Cancelled,Partner,Bank Transfer
1188,863,41,2025-04-23,4,10,Returned,In-Store,Credit Card
1189,166,48,2025-09-15,9,10,Shipped,In-Store,Credit Card
1190,405,45,2025-05-31,2,20,Shipped,In-Store,Crypto
1191,216,40,2026-01-28,9,20,Cancelled,In-Store,Bank Transfer
1192,771,46,2025-02-27,8,0,Shipped,In-Store,Bank Transfer
1193,216,30,2025-03-23,10,0,Shipped,Mobile,Credit Card
1194,624,31,2026-01-07,1,0,Shipped,Partner,Crypto
1195,781,26,2025-06-04,9,0,Shipped,Web,Crypto
1196,689,8,2025-08-22,6,20,Pending,In-Store,Crypto
1197,182,50,2025-03-23,1,0,Pending,In-Store,PayPal
1198,456,1,2025-08-17,4,15,Shipped,In-Store,Bank Transfer
1199,197,6,2026-02-21,10,15,Cancelled,Mobile,PayPal
1200,506,24,2026-01-31,1,0,Pending,Mobile,Credit Card
1201,201,41,2025-08-26,7,0,Cancelled,Partner,PayPal
1202,566,13,2025-03-28,10,15,Returned,Mobile,Credit Card
1203,603,9,2025-08-14,2,0,Cancelled,Mobile,Bank Transfer
1204,197,44,2026-01-22,1,15,Returned,In-Store,Crypto
1205,3,28,2025-10-10,1,20,Cancelled,Partner,Crypto
1206,281,8,2026-02-20,9,5,Pending,In-Store,Credit Card
1207,906,47,2026-01-04,4,0,Cancelled,Partner,Crypto
1208,324,1,2026-02-11,7,0,Cancelled,Web,Credit Card
1209,756,15,2025-06-01,7,0,Shipped,Mobile,PayPal
1210,338,20,2025-09-19,2,15,Shipped,Web,Crypto
1211,443,2,2026-01-18,10,20,Cancelled,In-Store,PayPal
1212,111,31,2025-12-22,4,0,Shipped,In-Store,PayPal
1213,967,5,2025-06-27,10,10,Pending,Web,Crypto
1214,593,8,2025-10-28,2,0,Shipped,Partner,Bank Transfer
1215,912,45,2025-09-07,2,20,Shipped,Web,Crypto
1216,57,20,2025-10-29,10,15,Pending,Web,Credit Card
1217,694,4,2025-12-29,9,0,Cancelled,Partner,Crypto
1218,99,40,2025-09-30,7,0,Returned,Web,Crypto
1219,394,30,2025-11-03,7,10,Returned,Web,Bank Transfer
1220,667,44,2025-12-19,1,5,Returned,In-Store,PayPal
1221,111,7,2025-12-08,1,10,Shipped,Mobile,PayPal
1222,653,33,2025-05-27,5,0,Pending,Partner,Crypto
1223,191,16,2025-12-22,3,20,Shipped,Web,PayPal
1224,320,38,2025-08-04,7,10,Cancelled,In-Store,PayPal
1225,151,31,2025-06-06,5,10,Cancelled,In-Store,Bank Transfer
1226,994,1,2026-02-06,9,10,Shipped,Web,PayPal
1227,520,36,2025-06-17,1,5,Cancelled,Mobile,PayPal
1228,656,13,2026-02-18,2,0,Shipped,Partner,Crypto
1229,615,45,2026-02-24,6,20,Returned,In-Store,Bank Transfer
1230,429,22,2025-03-17,3,0,Pending,Web,Crypto
1231,225,1,2025-10-01,4,15,Shipped,Partner,PayPal
1232,245,31,2025-12-17,6,20,Pending,Mobile,Crypto
1233,189,1,2025-06-01,6,0,Shipped,In-Store,Credit Card
1234,569,8,2025-12-25,3,0,Pending,Mobile,Bank Transfer
1235,45,2,2025-09-18,4,0,Cancelled,Mobile,PayPal
1236,907,17,2026-01-02,3,0,Returned,Mobile,PayPal
1237,201,2,2025-05-18,3,20,Cancelled,Web,Credit Card
1238,852,44,2026-02-11,3,5,Shipped,In-Store,PayPal
1239,313,30,2025-08-15,4,0,Cancelled,Mobile,Crypto
1240,900,46,2025-04-24,2,0,Shipped,Mobile,PayPal
1241,197,35,2025-04-04,7,15,Cancelled,In-Store,Crypto
1242,652,16,2025-09-13,1,20,Returned,Mobile,Bank Transfer
1243,809,10,2025-07-09,6,0,Shipped,In-Store,PayPal
1244,872,33,2025-11-25,10,5,Shipped,Web,Crypto
1245,810,43,2025-07-30,10,0,Shipped,Partner,Bank Transfer
1246,511,34,2025-06-28,8,0,Cancelled,In-Store,Crypto
1247,733,32,2025-03-28,8,0,Returned,Partner,Credit Card
1248,213,15,2025-04-27,4,5,Shipped,Partner,PayPal
1249,314,28,2025-08-22,7,10,Shipped,In-Store,Bank Transfer
1250,564,6,2026-02-01,3,20,Shipped,In-Store,Crypto
1251,532,23,2025-03-23,4,10,Shipped,Partner,Bank Transfer
1252,437,29,2025-06-21,8,5,Pending,In-Store,Crypto
1253,325,18,2026-01-18,7,0,Shipped,Partner,PayPal
1254,272,42,2025-08-05,2,0,Shipped,In-Store,Credit Card
1255,805,18,2025-12-22,4,0,Shipped,Web,Bank Transfer
1256,40,35,2025-04-24,4,0,Shipped,In-Store,Bank Transfer
1257,310,48,2025-08-19,5,0,Returned,Mobile,Bank Transfer
1258,9,50,2025-03-10,5,0,Cancelled,Partner,Crypto
1259,842,38,2026-02-05,1,5,Returned,Mobile,Crypto
1260,234,15,2025-04-11,4,5,Shipped,Partner,Crypto
1261,349,6,2025-05-24,6,20,Shipped,Partner,Crypto
1262,215,29,2026-01-14,8,20,Returned,Web,Bank Transfer
1263,143,37,2025-08-26,3,0,Shipped,Partner,Bank Transfer
1264,348,15,2026-02-12,7,5,Pending,In-Store,Bank Transfer
1265,602,2,2025-09-30,10,20,Shipped,Mobile,PayPal
1266,976,22,2025-07-25,10,15,Returned,Partner,Crypto
1267,210,26,2026-01-03,2,10,Pending,Mobile,Crypto
1268,112,22,2025-06-11,10,5,Cancelled,Web,PayPal
1269,107,44,2025-10-08,9,0,Shipped,Partner,Credit Card
1270,192,13,2025-04-28,2,5,Cancelled,Mobile,PayPal
1271,299,43,2025-04-26,9,0,Pending,Web,Bank Transfer
1272,531,1,2025-06-26,3,0,Pending,Partner,PayPal
1273,114,9,2025-07-14,9,5,Pending,Web,Crypto
1274,979,14,2025-03-29,3,20,Shipped,In-Store,Crypto
1275,838,46,2025-03-29,8,0,Returned,In-Store,PayPal
1276,515,46,2025-12-15,8,0,Shipped,Web,PayPal
1277,457,5,2025-03-02,7,10,Shipped,In-Store,Crypto
1278,472,30,2025-09-12,10,0,Shipped,In-Store,Crypto
1279,356,45,2025-08-26,5,5,Returned,Mobile,Crypto
1280,256,12,2025-04-01,10,15,Pending,Partner,Crypto
1281,933,43,2026-02-17,3,15,Returned,Web,Crypto
1282,716,3,2025-12-19,4,20,Shipped,In-Store,Bank Transfer
1283,683,5,2025-10-22,4,5,Pending,Web,Bank Transfer
1284,79,49,2026-02-25,2,10,Cancelled,Partner,Crypto
1285,169,17,2025-02-27,4,10,Shipped,Partner,Credit Card
1286,75,41,2025-05-02,8,5,Cancelled,Partner,PayPal
1287,407,3,2025-04-16,1,0,Shipped,Mobile,Bank Transfer
1288,687,48,2026-02-22,8,5,Pending,Web,Credit Card
1289,562,43,2025-07-11,4,15,Pending,Mobile,Crypto
1290,841,18,2025-11-04,3,0,Shipped,Web,PayPal
1291,302,8,2025-12-26,9,15,Pending,Mobile,Credit Card
1292,688,49,2025-07-07,1,15,Cancelled,Mobile,Crypto
1293,367,12,2025-09-24,4,15,Shipped,Mobile,Crypto
1294,714,4,2025-03-13,9,15,Shipped,Partner,Bank Transfer
1295,455,4,2026-01-19,10,0,Shipped,Partner,PayPal
1296,952,16,2025-06-27,6,0,Shipped,Web,Credit Card
1297,432,2,2025-03-13,1,0,Shipped,Web,PayPal
1298,982,7,2025-09-28,3,15,Shipped,Web,Crypto
1299,525,7,2026-02-23,6,0,Returned,Mobile,PayPal
1300,957,35,2025-10-09,7,5,Shipped,Mobile,PayPal
1301,109,23,2025-12-24,6,0,Shipped,Partner,Bank Transfer
1302,13,25,2025-05-08,4,5,Shipped,Web,Bank Transfer
1303,666,40,2025-04-30,6,0,Shipped,Mobile,Crypto
1304,309,50,2025-07-20,10,5,Shipped,Mobile,Bank Transfer
1305,983,7,2026-02-25,10,0,Pending,Mobile,Bank Transfer
1306,180,41,2025-04-07,6,20,Pending,Web,Bank Transfer
1307,19,39,2025-10-02,10,5,Pending,Mobile,Credit Card
1308,239,2,2025-10-10,10,20,Shipped,In-Store,PayPal
1309,756,28,2025-09-07,4,10,Shipped,Web,PayPal
1310,384,32,2025-12-28,5,0,Shipped,Partner,PayPal
1311,658,3,2025-06-11,4,15,Returned,Partner,Bank Transfer
1312,138,18,2025-03-22,6,15,Shipped,Partner,Bank Transfer
1313,769,2,2025-10-06,4,20,Cancelled,In-Store,PayPal
1314,211,35,2025-06-02,1,15,Shipped,Mobile,Crypto
1315,534,21,2025-10-20,3,5,Shipped,Web,Crypto
1316,72,13,2025-11-10,1,15,Shipped,Mobile,PayPal
1317,94,12,2025-04-03,10,10,Shipped,Mobile,Credit Card
1318,437,47,2025-10-06,8,0,Shipped,Mobile,PayPal
1319,435,12,2025-11-06,10,0,Cancelled,In-Store,Crypto
1320,991,41,2025-03-10,4,0,Pending,Web,Bank Transfer
1321,408,25,2026-01-04,3,5,Pending,Partner,Crypto
1322,779,10,2025-10-28,8,0,Pending,Partner,Credit Card
1323,778,20,2025-11-08,10,10,Shipped,Mobile,Bank Transfer
1324,390,30,2025-12-20,5,5,Cancelled,Partner,Crypto
1325,74,22,2025-07-08,3,15,Pending,Mobile,PayPal
1326,939,13,2025-09-01,1,0,Returned,In-Store,Crypto
1327,415,27,2025-06-14,7,15,Cancelled,Partner,Crypto
1328,316,42,2025-11-12,10,0,Pending,Web,Credit Card
1329,395,37,2025-07-23,3,0,Pending,In-Store,Bank Transfer
1330,522,46,2025-12-19,8,15,Cancelled,Web,Crypto
1331,949,28,2025-05-24,4,0,Pending,Web,Bank Transfer
1332,647,46,2026-02-22,1,15,Shipped,In-Store,Crypto
1333,967,44,2025-06-20,3,0,Shipped,Mobile,Credit Card
1334,120,50,2025-06-26,2,15,Pending,Partner,Credit Card
1335,531,13,2025-05-26,7,0,Pending,In-Store,Bank Transfer
1336,513,35,2025-04-22,7,10,Cancelled,Partner,Credit Card
1337,112,41,2025-04-24,10,20,Cancelled,Mobile,Bank Transfer
1338,767,14,2025-03-28,7,15,Cancelled,Web,PayPal
1339,836,32,2025-09-30,1,0,Shipped,Partner,Crypto
1340,671,19,2025-04-11,7,0,Shipped,In-Store,PayPal
1341,721,9,2025-04-07,4,5,Shipped,Web,Crypto
1342,581,14,2025-08-10,3,0,Shipped,Mobile,PayPal
1343,266,27,2025-04-22,8,15,Returned,Web,PayPal
1344,82,19,2025-03-25,2,5,Shipped,In-Store,Credit Card
1345,351,2,2025-12-05,10,0,Pending,Partner,Credit Card
1346,10,4,2025-11-05,5,20,Shipped,Web,Credit Card
1347,217,34,2025-09-27,1,5,Returned,In-Store,Crypto
1348,485,49,2025-11-17,6,10,Pending,In-Store,Bank Transfer
1349,699,22,2025-08-05,6,20,Shipped,In-Store,Crypto
1350,388,40,2025-04-12,1,0,Cancelled,Web,Credit Card
1351,468,45,2025-10-20,7,15,Shipped,Web,Credit Card
1352,890,34,2026-02-06,5,15,Shipped,In-Store,Crypto
1353,634,44,2025-09-17,8,10,Pending,Mobile,Credit Card
1354,654,21,2025-09-30,1,15,Cancelled,Web,Bank Transfer
1355,695,29,2026-02-05,4,10,Pending,Partner,Credit Card
1356,357,28,2025-05-14,8,15,Shipped,Partner,Bank Transfer
1357,622,13,2025-08-19,3,20,Returned,Web,PayPal
1358,510,6,2025-03-11,5,20,Returned,Partner,PayPal
1359,918,29,2025-04-25,2,5,Returned,Mobile,PayPal
1360,217,11,2025-05-08,2,0,Pending,Web,PayPal
1361,952,21,2025-03-23,7,20,Cancelled,Mobile,Bank Transfer
1362,682,31,2025-03-10,2,15,Shipped,Partner,Credit Card
1363,815,45,2026-01-05,6,20,Shipped,Web,Bank Transfer
1364,387,46,2025-05-30,7,15,Returned,Partner,PayPal
1365,229,17,2025-05-06,2,0,Shipped,Web,Credit Card
1366,349,48,2025-08-28,10,0,Shipped,In-Store,PayPal
1367,874,21,2025-10-25,7,10,Shipped,In-Store,Credit Card
1368,605,35,2025-07-22,4,20,Pending,Partner,Bank Transfer
1369,790,24,2025-11-13,3,10,Returned,Mobile,Credit Card
1370,405,1,2025-06-25,9,20,Pending,In-Store,PayPal
1371,836,19,2025-04-16,4,5,Pending,Mobile,Bank Transfer
1372,150,48,2025-06-26,1,10,Cancelled,In-Store,Credit Card
1373,281,46,2026-02-15,10,5,Shipped,Partner,Bank Transfer
1374,722,25,2025-07-31,1,20,Cancelled,Mobile,PayPal
1375,869,47,2025-06-22,4,15,Shipped,Mobile,Crypto
1376,745,26,2026-01-28,5,20,Shipped,Web,Crypto
1377,346,28,2025-09-22,8,0,Pending,Partner,Credit Card
1378,541,47,2025-11-10,5,0,Shipped,Partner,Credit Card
1379,135,21,2025-03-01,10,20,Shipped,In-Store,Crypto
1380,671,11,2025-12-10,10,0,Pending,Partner,Bank Transfer
1381,919,10,2026-02-11,4,0,Shipped,Web,Bank Transfer
1382,744,37,2025-07-29,2,15,Shipped,Partner,Crypto
1383,696,11,2025-08-24,1,0,Cancelled,Partner,PayPal
1384,968,4,2026-02-23,2,10,Cancelled,Partner,PayPal
1385,643,47,2025-04-22,7,0,Shipped,Web,PayPal
1386,407,32,2026-01-16,5,15,Returned,Mobile,Crypto
1387,795,45,2025-05-25,2,20,Pending,Partner,Bank Transfer
1388,648,42,2025-10-06,8,0,Shipped,Web,Credit Card
1389,85,8,2026-02-12,8,15,Returned,Mobile,Credit Card
1390,601,37,2026-01-25,10,5,Cancelled,Web,PayPal
1391,394,31,2025-11-17,7,0,Returned,Mobile,Credit Card
1392,334,5,2025-07-29,9,0,Pending,Web,Crypto
1393,570,35,2025-12-06,9,5,Shipped,Web,PayPal
1394,989,43,2025-10-16,2,0,Returned,Mobile,Credit Card
1395,569,29,2025-11-14,6,0,Shipped,Mobile,PayPal
1396,669,11,2025-12-16,2,10,Cancelled,Web,Credit Card
1397,128,33,2025-07-13,5,0,Returned,Mobile,Crypto
1398,968,43,2025-02-28,1,0,Cancelled,Web,Bank Transfer
1399,675,35,2025-08-22,8,0,Returned,Partner,Bank Transfer
1400,536,23,2025-12-25,10,10,Returned,Mobile,Credit Card
1401,679,3,2025-08-29,4,0,Shipped,Mobile,Bank Transfer
1402,877,14,2025-05-15,3,10,Returned,Mobile,Bank Transfer
1403,285,9,2025-06-28,10,5,Shipped,In-Store,Bank Transfer
1404,391,42,2025-10-26,3,5,Pending,Web,Bank Transfer
1405,693,28,2025-11-23,3,10,Shipped,Web,Bank Transfer
1406,649,45,2025-08-30,4,15,Cancelled,Mobile,Crypto
1407,842,10,2025-09-09,6,20,Pending,Partner,Credit Card
1408,988,39,2026-01-18,4,0,Cancelled,Web,Credit Card
1409,701,36,2026-02-25,7,0,Cancelled,Web,Bank Transfer
1410,932,22,2025-10-09,5,0,Shipped,In-Store,Credit Card
1411,101,25,2025-10-09,4,5,Shipped,Web,PayPal
1412,540,47,2025-08-05,5,10,Pending,Web,Bank Transfer
1413,718,37,2026-02-09,5,10,Cancelled,Web,Credit Card
1414,175,21,2025-12-16,7,0,Cancelled,Partner,Crypto
1415,607,9,2025-08-12,5,0,Returned,Mobile,PayPal
1416,147,25,2025-11-17,10,15,Cancelled,Web,Bank Transfer
1417,725,50,2025-09-15,4,15,Returned,Partner,Crypto
1418,188,29,2025-09-12,6,20,Pending,In-Store,Bank Transfer
1419,976,28,2025-11-30,9,15,Shipped,In-Store,Credit Card
1420,971,20,2025-03-15,7,20,Cancelled,Web,Credit Card
1421,79,47,2025-06-28,4,0,Shipped,Web,Credit Card
1422,762,19,2025-07-26,9,5,Shipped,Partner,PayPal
1423,492,32,2025-10-14,9,15,Returned,Web,Crypto
1424,15,40,2025-12-13,4,20,Shipped,Partner,Bank Transfer
1425,251,48,2025-08-19,9,15,Returned,Web,Crypto
1426,988,11,2026-01-14,9,0,Shipped,Web,Bank Transfer
1427,860,9,2026-02-02,9,0,Shipped,Partner,Crypto
1428,389,11,2026-01-27,6,0,Cancelled,Mobile,Credit Card
1429,298,20,2025-10-07,8,0,Cancelled,Mobile,Credit Card
1430,756,41,2025-05-22,10,5,Shipped,In-Store,Credit Card
1431,958,30,2025-06-22,10,20,Pending,Web,Bank Transfer
1432,7,40,2025-10-01,8,0,Cancelled,In-Store,Credit Card
1433,6,23,2025-08-10,3,5,Cancelled,Web,Credit Card
1434,442,32,2025-06-16,4,0,Returned,Mobile,Crypto
1435,127,32,2025-10-23,1,0,Cancelled,Mobile,Crypto
1436,405,24,2025-03-13,5,0,Pending,Mobile,Bank Transfer
1437,112,29,2025-05-21,8,0,Shipped,In-Store,Crypto
1438,6,23,2026-01-24,4,0,Shipped,In-Store,Credit Card
1439,137,26,2025-05-31,7,15,Cancelled,Web,PayPal
1440,683,13,2025-06-04,8,15,Cancelled,Web,Crypto
1441,501,36,2025-09-09,8,20,Shipped,In-Store,Crypto
1442,514,47,2025-03-13,7,0,Shipped,Web,Credit Card
1443,130,10,2026-02-10,6,10,Shipped,Mobile,Credit Card
1444,695,22,2025-08-10,7,10,Shipped,Partner,Crypto
1445,297,19,2025-07-22,8,0,Pending,Mobile,PayPal
1446,747,33,2025-08-03,3,0,Cancelled,Web,Bank Transfer
1447,718,16,2026-02-12,7,0,Pending,Web,PayPal
1448,194,38,2025-12-17,3,0,Shipped,Mobile,Crypto
1449,40,18,2025-06-07,4,0,Pending,Web,PayPal
1450,94,4,2025-12-22,7,5,Returned,In-Store,PayPal
1451,228,22,2025-09-15,7,5,Shipped,Partner,Credit Card
1452,312,8,2025-07-29,5,0,Cancelled,In-Store,Crypto
1453,253,21,2025-08-29,1,0,Shipped,Web,Credit Card
1454,677,48,2026-02-10,6,0,Cancelled,Partner,Bank Transfer
1455,931,39,2025-12-14,2,5,Shipped,In-Store,Crypto
1456,373,22,2025-10-19,5,0,Shipped,Web,PayPal
1457,340,24,2025-06-19,6,15,Returned,In-Store,PayPal
1458,666,18,2025-10-04,4,10,Pending,Web,Credit Card
1459,134,41,2025-03-17,10,0,Shipped,Mobile,PayPal
1460,722,29,2026-02-23,2,0,Returned,In-Store,Bank Transfer
1461,743,31,2025-05-16,4,10,Shipped,Web,PayPal
1462,197,27,2025-10-27,9,15,Cancelled,In-Store,Bank Transfer
1463,460,41,2025-06-12,2,5,Shipped,Partner,Crypto
1464,537,33,2025-04-10,1,0,Returned,In-Store,PayPal
1465,297,3,2025-05-23,10,0,Shipped,Partner,Crypto
1466,702,35,2026-02-24,9,0,Shipped,Partner,Crypto
1467,576,50,2025-09-20,7,5,Returned,In-Store,PayPal
1468,189,1,2025-06-27,3,10,Shipped,Web,Crypto
1469,516,46,2025-09-14,9,0,Cancelled,Mobile,Bank Transfer
1470,726,18,2025-05-11,9,0,Shipped,Mobile,Credit Card
1471,547,16,2025-11-04,5,0,Shipped,In-Store,PayPal
1472,277,4,2025-03-28,4,20,Shipped,Web,Credit Card
1473,665,23,2025-10-21,10,0,Cancelled,Web,Bank Transfer
1474,740,9,2026-02-08,7,10,Cancelled,In-Store,Credit Card
1475,641,1,2025-03-06,6,0,Cancelled,Mobile,Bank Transfer
1476,995,2,2025-04-15,9,15,Returned,Web,Crypto
1477,969,42,2025-11-28,5,20,Returned,Mobile,Crypto
1478,226,21,2025-06-01,5,0,Returned,Partner,PayPal
1479,457,15,2025-10-25,7,0,Shipped,Partner,Credit Card
1480,508,12,2025-10-30,8,0,Shipped,Mobile,Crypto
1481,966,47,2025-07-29,3,15,Cancelled,Web,Bank Transfer
1482,167,12,2026-01-24,7,15,Returned,Mobile,Credit Card
1483,147,5,2025-05-12,7,0,Pending,Partner,Credit Card
1484,742,34,2025-04-27,3,15,Shipped,Web,Crypto
1485,394,2,2025-04-03,2,20,Shipped,Web,PayPal
1486,255,50,2026-02-03,2,0,Shipped,Web,Credit Card
1487,981,7,2025-06-20,9,15,Cancelled,Web,PayPal
1488,143,31,2025-09-13,10,5,Shipped,In-Store,Bank Transfer
1489,491,10,2025-09-15,4,0,Returned,In-Store,Credit Card
1490,22,3,2025-03-24,2,10,Cancelled,Web,Crypto
1491,146,1,2026-02-21,4,0,Shipped,Partner,Crypto
1492,151,23,2026-01-12,5,0,Pending,Web,Crypto
1493,174,8,2026-01-05,4,0,Cancelled,In-Store,Credit Card
1494,631,22,2025-02-28,2,0,Shipped,Web,PayPal
1495,183,28,2025-05-25,9,0,Returned,Mobile,Crypto
1496,154,43,2025-12-08,5,10,Cancelled,In-Store,Credit Card
1497,278,32,2025-12-14,6,0,Shipped,Web,PayPal
1498,797,42,2026-02-07,3,0,Shipped,Partner,Crypto
1499,739,31,2026-02-15,2,0,Returned,Partner,Bank Transfer
1500,149,6,2025-04-09,6,0,Shipped,Partner,Bank Transfer
1501,327,32,2025-08-11,7,5,Pending,In-Store,PayPal
1502,822,42,2025-04-12,4,5,Pending,Partner,Crypto
1503,546,35,2025-12-04,4,5,Shipped,Partner,PayPal
1504,720,6,2025-12-09,4,0,Shipped,Mobile,Credit Card
1505,372,36,2025-08-16,8,0,Shipped,Web,Bank Transfer
1506,370,50,2025-04-12,3,0,Pending,Mobile,Crypto
1507,249,14,2025-10-29,4,0,Shipped,Web,PayPal
1508,387,47,2025-06-08,1,15,Pending,In-Store,Credit Card
1509,719,7,2025-03-29,10,0,Pending,Mobile,Credit Card
1510,151,24,2025-12-12,3,0,Shipped,Web,Credit Card
1511,583,27,2025-07-06,3,20,Shipped,Partner,PayPal
1512,767,34,2025-07-18,5,5,Pending,In-Store,Crypto
1513,801,42,2025-05-07,1,0,Shipped,Mobile,Credit Card
1514,903,42,2026-02-07,1,10,Shipped,Mobile,Credit Card
1515,406,28,2025-11-19,8,10,Cancelled,In-Store,PayPal
1516,434,11,2026-01-26,5,0,Returned,Partner,PayPal
1517,761,14,2025-10-12,7,10,Shipped,Mobile,Crypto
1518,189,48,2026-02-16,9,10,Shipped,Partner,Crypto
1519,321,42,2025-12-04,7,20,Pending,Mobile,Credit Card
1520,823,24,2026-02-25,7,0,Cancelled,Web,Credit Card
1521,80,24,2025-04-27,10,20,Cancelled,Web,PayPal
1522,289,11,2025-07-02,9,0,Shipped,Mobile,Credit Card
1523,775,20,2025-09-06,4,10,Shipped,Web,PayPal
1524,276,6,2025-11-06,10,10,Shipped,Partner,Credit Card
1525,50,21,2025-05-09,2,0,Shipped,In-Store,Bank Transfer
1526,982,26,2026-02-24,9,0,Cancelled,Partner,Bank Transfer
1527,998,9,2025-12-01,2,0,Pending,Web,PayPal
1528,25,38,2025-07-05,7,5,Returned,Web,Bank Transfer
1529,166,10,2025-07-01,8,0,Shipped,Mobile,PayPal
1530,827,44,2025-07-19,3,20,Shipped,In-Store,Crypto
1531,805,9,2025-11-30,6,0,Cancelled,Partner,Credit Card
1532,913,46,2025-04-05,7,0,Shipped,Web,PayPal
1533,581,41,2025-09-02,8,0,Shipped,Mobile,Bank Transfer
1534,561,6,2025-12-21,8,0,Pending,In-Store,PayPal
1535,957,19,2025-05-15,3,0,Cancelled,In-Store,Bank Transfer
1536,92,5,2025-05-07,3,15,Pending,In-Store,Crypto
1537,263,49,2025-10-18,8,15,Shipped,Web,Crypto
1538,41,24,2025-12-07,5,5,Pending,Mobile,Crypto
1539,376,33,2025-11-27,10,0,Cancelled,Web,Crypto
1540,519,29,2025-03-23,5,15,Shipped,Web,PayPal
1541,717,36,2026-02-25,1,0,Shipped,In-Store,Crypto
1542,163,37,2025-05-20,7,20,Shipped,Mobile,Crypto
1543,896,30,2025-10-25,2,0,Pending,Partner,Crypto
1544,112,6,2026-01-27,3,15,Shipped,Partner,Crypto
1545,205,26,2025-08-26,6,0,Cancelled,In-Store,Crypto
1546,218,45,2025-12-06,8,0,Cancelled,Partner,Credit Card
1547,559,10,2025-07-18,8,0,Shipped,In-Store,Credit Card
1548,616,50,2025-10-20,7,0,Cancelled,Partner,Crypto
1549,219,4,2025-05-10,4,20,Shipped,Partner,Bank Transfer
1550,259,41,2025-03-14,3,0,Shipped,Web,Bank Transfer
1551,415,6,2025-08-11,5,20,Pending,Partner,PayPal
1552,686,17,2025-02-28,3,20,Shipped,Web,Crypto
1553,351,49,2025-07-07,5,0,Shipped,In-Store,Crypto
1554,494,31,2026-02-23,9,15,Shipped,Partner,Bank Transfer
1555,935,45,2026-02-03,10,5,Shipped,Mobile,Credit Card
1556,741,43,2025-10-22,10,10,Shipped,In-Store,Bank Transfer
1557,15,10,2025-07-29,8,0,Pending,In-Store,Credit Card
1558,812,44,2025-12-30,7,0,Returned,Web,Crypto
1559,966,9,2026-02-16,8,15,Returned,Web,Credit Card
1560,224,48,2026-01-08,4,5,Returned,Mobile,Crypto
1561,222,23,2025-03-30,4,0,Returned,Web,Bank Transfer
1562,834,24,2026-01-01,1,0,Cancelled,Web,Crypto
1563,665,30,2025-10-02,7,5,Cancelled,In-Store,Crypto
1564,536,49,2025-09-20,6,0,Shipped,Partner,Crypto
1565,383,12,2025-04-10,9,10,Shipped,Partner,Crypto
1566,292,43,2025-04-17,7,15,Cancelled,Web,Credit Card
1567,826,7,2025-08-26,2,15,Shipped,Partner,Credit Card
1568,509,48,2026-02-26,10,10,Shipped,Partner,Credit Card
1569,684,19,2025-11-19,7,0,Shipped,Partner,Crypto
1570,118,13,2025-07-01,8,0,Cancelled,Partner,Crypto
1571,930,42,2025-10-13,7,0,Cancelled,Mobile,Bank Transfer
1572,275,43,2025-03-10,5,0,Pending,Mobile,Credit Card
1573,922,27,2025-12-29,1,0,Shipped,Mobile,Bank Transfer
1574,861,34,2025-06-23,10,0,Cancelled,Mobile,Crypto
1575,248,36,2025-06-21,7,0,Returned,Partner,Credit Card
1576,821,37,2025-12-24,7,0,Pending,Mobile,Crypto
1577,926,21,2025-06-14,9,0,Pending,Mobile,Credit Card
1578,728,9,2026-01-07,9,0,Returned,Partner,Bank Transfer
1579,858,36,2025-03-19,3,0,Shipped,Web,Credit Card
1580,27,28,2025-06-16,1,15,Returned,Mobile,Credit Card
1581,633,46,2026-02-14,9,0,Returned,Partner,Credit Card
1582,761,47,2025-04-18,3,5,Cancelled,Mobile,PayPal
1583,669,15,2025-06-01,5,0,Returned,Mobile,Crypto
1584,789,17,2025-07-15,1,0,Shipped,Mobile,Credit Card
1585,654,38,2025-04-24,2,0,Pending,Web,Credit Card
1586,146,19,2025-07-01,5,0,Shipped,Web,Crypto
1587,865,24,2025-07-27,4,5,Shipped,Partner,Credit Card
1588,424,5,2025-03-26,8,15,Shipped,Mobile,Crypto
1589,385,21,2025-09-09,8,20,Shipped,Mobile,Bank Transfer
1590,11,12,2025-03-26,10,15,Returned,Web,Credit Card
1591,1000,22,2025-06-19,6,5,Returned,Web,PayPal
1592,535,48,2025-06-16,5,0,Shipped,Web,Credit Card
1593,531,33,2025-03-07,3,0,Cancelled,Web,PayPal
1594,31,21,2026-02-21,3,0,Shipped,Mobile,Bank Transfer
1595,281,31,2025-06-26,4,0,Cancelled,In-Store,Crypto
1596,764,32,2025-11-14,7,10,Pending,Mobile,Bank Transfer
1597,178,13,2026-01-11,5,5,Shipped,In-Store,PayPal
1598,814,14,2026-02-02,8,5,Pending,Partner,Bank Transfer
1599,836,21,2025-10-05,10,0,Returned,Partner,Crypto
1600,205,37,2026-01-04,6,0,Shipped,Partner,PayPal
1601,911,3,2025-07-09,9,0,Returned,Partner,Bank Transfer
1602,619,42,2025-04-02,9,0,Pending,Web,Credit Card
1603,185,21,2025-06-03,7,20,Shipped,In-Store,PayPal
1604,75,14,2025-06-29,6,0,Shipped,In-Store,Credit Card
1605,10,21,2026-01-18,1,15,Cancelled,Mobile,Crypto
1606,582,21,2025-05-04,4,10,Shipped,Partner,Bank Transfer
1607,617,14,2025-05-15,9,0,Shipped,In-Store,Credit Card
1608,588,42,2025-12-16,7,15,Pending,In-Store,Bank Transfer
1609,203,13,2025-05-22,1,20,Pending,Partner,Credit Card
1610,282,27,2025-06-08,2,0,Pending,Mobile,Bank Transfer
1611,606,25,2025-12-31,4,10,Shipped,In-Store,Credit Card
1612,660,37,2025-09-16,1,5,Cancelled,Mobile,Crypto
1613,38,35,2025-09-13,9,0,Cancelled,Web,Credit Card
1614,482,7,2026-01-07,7,15,Cancelled,In-Store,Bank Transfer
1615,772,23,2025-12-21,7,0,Returned,In-Store,Crypto
1616,628,4,2025-09-15,7,0,Pending,Partner,Credit Card
1617,864,24,2025-09-26,10,0,Shipped,Mobile,Credit Card
1618,846,1,2025-11-06,3,0,Cancelled,Partner,PayPal
1619,175,6,2025-06-15,4,15,Cancelled,Web,Credit Card
1620,266,3,2025-09-17,2,0,Cancelled,Web,Bank Transfer
1621,338,45,2025-06-15,10,20,Pending,In-Store,PayPal
1622,948,9,2026-01-20,10,5,Shipped,Mobile,Bank Transfer
1623,883,10,2025-11-29,10,20,Pending,Partner,Credit Card
1624,535,34,2025-03-13,4,10,Pending,Partner,Bank Transfer
1625,330,50,2026-01-29,8,0,Shipped,In-Store,Bank Transfer
1626,729,6,2025-07-30,6,10,Shipped,Mobile,Credit Card
1627,77,32,2025-10-25,1,0,Shipped,Mobile,Crypto
1628,839,25,2025-06-05,4,5,Shipped,In-Store,PayPal
1629,834,38,2025-03-18,9,10,Cancelled,In-Store,Crypto
1630,672,10,2025-03-24,9,0,Shipped,Mobile,Bank Transfer
1631,395,29,2026-02-09,10,10,Shipped,Partner,PayPal
1632,71,18,2025-09-30,7,0,Cancelled,Web,PayPal
1633,473,7,2025-04-07,2,0,Shipped,Partner,PayPal
1634,274,2,2025-08-20,8,15,Returned,Partner,Bank Transfer
1635,272,8,2025-08-17,9,0,Cancelled,Partner,PayPal
1636,155,26,2025-07-09,9,5,Returned,In-Store,Credit Card
1637,452,18,2025-09-13,6,0,Shipped,Partner,Crypto
1638,199,19,2025-06-03,4,5,Shipped,In-Store,Crypto
1639,532,28,2025-10-01,2,15,Shipped,Mobile,Credit Card
1640,225,8,2025-09-20,1,0,Returned,In-Store,PayPal
1641,68,35,2025-12-14,2,0,Shipped,Partner,Crypto
1642,403,7,2025-03-29,4,15,Cancelled,Partner,PayPal
1643,176,14,2025-04-29,6,15,Cancelled,In-Store,Credit Card
1644,97,12,2025-10-22,9,15,Returned,Partner,Bank Transfer
1645,874,45,2025-09-23,4,0,Cancelled,Web,PayPal
1646,192,22,2026-01-10,8,0,Shipped,Partner,Crypto
1647,343,2,2025-10-15,3,0,Shipped,Mobile,Credit Card
1648,609,23,2025-03-05,8,10,Shipped,Partner,PayPal
1649,484,8,2025-05-17,1,20,Shipped,In-Store,PayPal
1650,538,33,2025-11-13,3,20,Shipped,Web,Credit Card
1651,312,48,2025-04-29,6,5,Pending,In-Store,Bank Transfer
1652,680,32,2026-02-12,5,0,Pending,Web,Bank Transfer
1653,309,46,2026-01-09,6,10,Returned,Partner,Credit Card
1654,277,44,2025-09-01,9,15,Shipped,Mobile,Crypto
1655,877,15,2026-02-24,3,0,Pending,Web,PayPal
1656,592,48,2025-02-28,7,0,Shipped,Web,PayPal
1657,943,25,2025-09-06,2,0,Returned,Partner,PayPal
1658,272,44,2025-06-07,6,0,Pending,Partner,Bank Transfer
1659,317,13,2025-12-14,1,10,Returned,In-Store,Credit Card
1660,444,30,2025-12-08,10,20,Cancelled,In-Store,Credit Card
1661,993,1,2025-05-06,8,15,Shipped,Partner,PayPal
1662,536,19,2025-09-15,10,10,Shipped,In-Store,Crypto
1663,296,5,2025-03-20,5,0,Pending,Web,PayPal
1664,290,38,2025-05-15,2,0,Pending,In-Store,Credit Card
1665,441,23,2025-10-29,1,0,Cancelled,Mobile,Bank Transfer
1666,900,19,2025-05-08,9,15,Returned,Mobile,Credit Card
1667,731,18,2025-09-08,3,15,Shipped,Partner,Credit Card
1668,298,15,2025-07-03,1,5,Cancelled,Mobile,Crypto
1669,433,26,2025-07-25,2,0,Cancelled,In-Store,PayPal
1670,578,28,2025-10-01,6,20,Returned,Mobile,PayPal
1671,257,9,2026-01-26,7,10,Shipped,In-Store,Bank Transfer
1672,88,20,2025-06-12,10,15,Pending,Mobile,Crypto
1673,802,28,2025-05-29,2,0,Returned,Partner,Bank Transfer
1674,516,44,2026-01-06,6,5,Cancelled,Partner,Crypto
1675,431,27,2025-04-13,8,0,Returned,Web,Crypto
1676,91,49,2025-07-30,3,10,Cancelled,Mobile,Bank Transfer
1677,131,40,2025-10-22,9,10,Cancelled,Web,Crypto
1678,129,26,2025-08-28,1,5,Returned,Partner,Credit Card
1679,87,4,2026-02-19,5,20,Shipped,In-Store,Credit Card
1680,842,19,2025-07-25,10,5,Cancelled,Web,Credit Card
1681,759,38,2025-05-07,9,15,Shipped,Mobile,PayPal
1682,576,48,2025-05-30,8,0,Shipped,Mobile,Bank Transfer
1683,644,20,2025-04-14,1,20,Pending,Mobile,Credit Card
1684,69,1,2025-05-05,3,10,Shipped,Web,PayPal
1685,210,7,2025-10-19,8,0,Returned,Partner,Crypto
1686,57,8,2025-04-11,5,5,Pending,Mobile,PayPal
1687,862,35,2025-10-30,5,20,Returned,Partner,Credit Card
1688,443,10,2025-04-16,1,0,Shipped,Mobile,PayPal
1689,524,48,2025-03-13,9,0,Pending,Partner,Bank Transfer
1690,297,43,2026-02-27,2,10,Pending,In-Store,Bank Transfer
1691,401,25,2025-11-26,2,5,Pending,Partner,PayPal
1692,29,19,2025-11-21,8,0,Returned,Partner,Credit Card
1693,595,20,2025-11-04,1,15,Returned,Partner,Credit Card
1694,930,23,2025-04-16,3,5,Pending,In-Store,Credit Card
1695,163,23,2025-05-17,9,20,Returned,Mobile,Bank Transfer
1696,925,46,2026-02-13,9,5,Returned,Web,PayPal
1697,672,10,2025-09-25,6,15,Returned,In-Store,Crypto
1698,733,9,2025-10-23,5,20,Cancelled,Partner,Credit Card
1699,939,42,2025-11-16,8,5,Pending,Mobile,Bank Transfer
1700,133,45,2025-12-27,6,10,Returned,In-Store,Crypto
1701,70,3,2025-03-04,1,20,Shipped,Mobile,Credit Card
1702,682,7,2025-04-07,8,15,Pending,In-Store,PayPal
1703,791,47,2025-05-13,4,0,Shipped,Partner,Crypto
1704,945,5,2025-04-20,1,10,Cancelled,Web,Credit Card
1705,868,48,2025-11-19,2,5,Cancelled,Web,PayPal
1706,329,7,2025-12-11,8,5,Shipped,Mobile,PayPal
1707,259,32,2026-01-10,8,15,Cancelled,Mobile,PayPal
1708,760,11,2025-06-25,7,20,Returned,Mobile,Credit Card
1709,597,2,2025-07-27,2,0,Shipped,Mobile,Credit Card
1710,369,50,2025-10-26,7,10,Returned,Web,Bank Transfer
1711,190,44,2025-11-02,9,5,Shipped,Mobile,Crypto
1712,513,23,2025-08-08,6,10,Returned,Mobile,Credit Card
1713,450,28,2025-05-11,7,20,Shipped,Web,PayPal
1714,802,34,2025-10-17,5,0,Shipped,Partner,PayPal
1715,53,39,2025-05-13,9,0,Shipped,Mobile,Bank Transfer
1716,945,17,2025-07-06,7,15,Cancelled,Web,PayPal
1717,992,19,2026-01-11,2,10,Returned,Mobile,Bank Transfer
1718,409,40,2026-01-07,1,10,Shipped,Partner,Bank Transfer
1719,669,2,2025-10-27,1,0,Pending,In-Store,PayPal
1720,343,49,2025-08-25,1,0,Shipped,In-Store,Credit Card
1721,242,32,2026-02-09,2,20,Returned,Web,Bank Transfer
1722,73,27,2025-08-06,10,15,Returned,Web,Crypto
1723,970,9,2025-05-30,5,15,Shipped,Web,Credit Card
1724,509,33,2025-08-04,4,15,Cancelled,Partner,Crypto
1725,311,15,2025-04-26,1,0,Shipped,Mobile,Crypto
1726,699,44,2025-12-09,1,10,Pending,Web,Crypto
1727,785,25,2025-12-29,3,5,Pending,Mobile,Credit Card
1728,449,8,2025-11-27,10,0,Cancelled,Mobile,Bank Transfer
1729,448,4,2025-09-06,4,0,Shipped,Web,PayPal
1730,423,48,2025-05-12,9,10,Shipped,Web,PayPal
1731,833,4,2025-04-08,2,0,Shipped,Partner,PayPal
1732,290,3,2025-06-12,6,0,Returned,Mobile,Bank Transfer
1733,133,39,2025-06-10,7,5,Shipped,Web,Credit Card
1734,257,35,2025-05-02,4,5,Cancelled,Mobile,Crypto
1735,731,20,2025-12-05,6,20,Returned,In-Store,PayPal
1736,540,18,2025-08-19,6,15,Returned,Web,Credit Card
1737,355,27,2025-12-03,10,5,Cancelled,Web,PayPal
1738,934,9,2025-03-22,9,0,Cancelled,Mobile,Credit Card
1739,382,47,2025-08-12,3,0,Shipped,Partner,Crypto
1740,976,8,2025-06-17,1,5,Shipped,In-Store,Bank Transfer
1741,603,25,2025-05-20,5,20,Shipped,Web,Bank Transfer
1742,876,40,2025-05-11,7,5,Shipped,Partner,Crypto
1743,455,3,2026-01-09,4,0,Pending,Mobile,Crypto
1744,546,4,2025-12-31,5,0,Returned,In-Store,Credit Card
1745,932,39,2026-02-14,6,20,Cancelled,Mobile,Credit Card
1746,350,47,2025-06-05,10,5,Pending,Web,Credit Card
1747,567,25,2025-08-21,5,20,Returned,Partner,Crypto
1748,587,47,2025-08-06,10,20,Returned,In-Store,PayPal
1749,984,25,2025-04-16,8,15,Shipped,Mobile,Credit Card
1750,288,44,2025-12-09,5,0,Shipped,In-Store,Bank Transfer
1751,585,26,2025-10-21,1,10,Cancelled,In-Store,Bank Transfer
1752,676,17,2025-07-17,10,0,Shipped,In-Store,Bank Transfer
1753,857,17,2026-02-23,3,5,Pending,Web,Crypto
1754,10,30,2025-09-16,1,0,Pending,Mobile,Crypto
1755,60,38,2025-10-19,2,0,Returned,In-Store,Credit Card
1756,452,12,2025-04-20,5,20,Cancelled,In-Store,Crypto
1757,131,15,2025-06-04,3,0,Returned,Web,PayPal
1758,118,42,2025-07-12,1,0,Returned,Partner,Bank Transfer
1759,43,36,2025-05-31,4,0,Cancelled,In-Store,Credit Card
1760,695,23,2025-04-04,9,15,Shipped,Mobile,Bank Transfer
1761,112,5,2026-01-08,9,5,Shipped,Web,PayPal
1762,209,21,2025-09-04,10,0,Pending,Web,Crypto
1763,897,19,2025-06-20,3,0,Cancelled,In-Store,Bank Transfer
1764,999,27,2025-07-24,6,5,Cancelled,Web,PayPal
1765,378,3,2025-03-22,5,0,Returned,Web,Credit Card
1766,624,14,2026-02-12,6,10,Returned,In-Store,PayPal
1767,388,38,2025-04-07,1,15,Shipped,Partner,Credit Card
1768,979,5,2026-01-21,4,10,Returned,Partner,Credit Card
1769,868,34,2025-05-30,1,10,Pending,Partner,Bank Transfer
1770,276,13,2025-05-27,10,0,Shipped,In-Store,PayPal
1771,819,50,2026-02-12,6,0,Pending,In-Store,Credit Card
1772,710,16,2026-02-02,8,15,Pending,In-Store,Credit Card
1773,361,36,2026-01-06,9,0,Cancelled,Partner,PayPal
1774,460,27,2025-09-25,4,10,Shipped,Mobile,Crypto
1775,691,38,2026-01-31,3,10,Cancelled,In-Store,Bank Transfer
1776,322,8,2026-01-30,2,5,Pending,Mobile,Crypto
1777,648,50,2025-10-14,4,0,Pending,Web,PayPal
1778,124,27,2026-02-19,5,20,Returned,Partner,Credit Card
1779,130,3,2025-02-28,7,0,Shipped,Web,PayPal
1780,528,34,2026-02-12,7,5,Cancelled,Mobile,Crypto
1781,714,36,2025-06-26,4,15,Cancelled,Web,Bank Transfer
1782,919,22,2025-11-06,10,10,Returned,Web,Credit Card
1783,76,48,2025-09-17,6,5,Pending,Partner,Crypto
1784,297,49,2025-09-22,8,15,Shipped,Mobile,Credit Card
1785,156,1,2025-02-27,10,10,Cancelled,Partner,Crypto
1786,329,29,2025-05-08,3,10,Returned,In-Store,Credit Card
1787,238,20,2025-04-07,8,0,Shipped,Partner,Bank Transfer
1788,331,25,2025-06-19,6,20,Shipped,Mobile,Credit Card
1789,834,48,2025-12-03,4,5,Returned,In-Store,Bank Transfer
1790,102,23,2025-05-29,5,0,Shipped,In-Store,Bank Transfer
1791,499,29,2025-12-18,4,0,Cancelled,In-Store,Credit Card
1792,947,15,2025-09-29,5,0,Shipped,Mobile,PayPal
1793,29,39,2025-10-15,1,10,Returned,Mobile,Credit Card
1794,501,2,2025-10-30,6,0,Cancelled,Partner,Crypto
1795,534,9,2026-02-13,8,0,Shipped,Web,Crypto
1796,911,28,2025-09-21,8,0,Shipped,Mobile,Bank Transfer
1797,750,43,2025-07-07,2,0,Shipped,Mobile,Credit Card
1798,335,11,2025-07-16,9,0,Cancelled,Partner,Credit Card
1799,724,45,2025-10-13,6,0,Pending,Web,Bank Transfer
1800,195,36,2026-01-18,1,15,Shipped,Mobile,PayPal
1801,601,25,2025-06-25,4,15,Shipped,In-Store,Crypto
1802,156,32,2026-01-06,3,15,Pending,In-Store,PayPal
1803,204,41,2025-07-07,2,10,Shipped,Web,Crypto
1804,69,32,2025-12-01,9,10,Shipped,Mobile,Credit Card
1805,429,45,2025-09-09,5,10,Pending,Mobile,Bank Transfer
1806,496,34,2025-08-26,3,0,Shipped,In-Store,Crypto
1807,502,41,2025-08-03,7,10,Cancelled,Partner,Bank Transfer
1808,99,15,2025-09-20,2,20,Cancelled,Partner,Crypto
1809,334,16,2025-11-06,7,0,Shipped,Partner,Bank Transfer
1810,677,8,2025-04-05,6,15,Pending,Mobile,Crypto
1811,861,32,2026-01-20,10,5,Shipped,Web,Bank Transfer
1812,275,33,2025-05-22,4,20,Pending,Web,Bank Transfer
1813,268,44,2026-01-10,6,5,Pending,Partner,Crypto
1814,409,17,2025-05-13,1,0,Pending,Mobile,Bank Transfer
1815,652,3,2025-07-27,5,5,Pending,Mobile,PayPal
1816,549,14,2026-02-26,2,10,Returned,In-Store,PayPal
1817,620,35,2025-03-25,1,15,Shipped,Partner,Credit Card
1818,800,46,2025-11-03,6,0,Returned,Web,Credit Card
1819,532,14,2026-02-19,6,10,Shipped,Mobile,Crypto
1820,881,46,2025-08-07,4,0,Shipped,In-Store,Bank Transfer
1821,424,14,2025-04-17,9,15,Shipped,Web,Credit Card
1822,866,2,2025-11-24,9,0,Returned,Partner,Crypto
1823,44,11,2025-05-17,5,0,Shipped,Mobile,PayPal
1824,35,18,2025-04-03,2,20,Pending,Partner,PayPal
1825,838,48,2025-05-31,5,20,Shipped,Web,Credit Card
1826,517,47,2026-01-29,7,0,Shipped,Mobile,Credit Card
1827,754,38,2025-07-26,7,0,Returned,In-Store,Bank Transfer
1828,436,33,2026-02-24,1,0,Cancelled,Partner,PayPal
1829,103,17,2025-10-20,10,5,Pending,In-Store,Crypto
1830,96,15,2026-01-18,7,10,Cancelled,Partner,Bank Transfer
1831,930,45,2026-01-19,9,10,Shipped,Partner,Credit Card
1832,509,47,2025-04-02,7,0,Returned,Web,Crypto
1833,230,37,2026-01-31,1,5,Shipped,Partner,Bank Transfer
1834,489,37,2025-10-08,2,15,Cancelled,In-Store,PayPal
1835,830,41,2025-04-02,2,0,Returned,Mobile,PayPal
1836,886,32,2025-05-29,10,0,Shipped,Mobile,Crypto
1837,632,31,2025-10-03,9,15,Returned,Mobile,Credit Card
1838,786,32,2025-11-27,5,5,Cancelled,In-Store,PayPal
1839,38,21,2026-02-05,10,10,Pending,Web,Bank Transfer
1840,707,14,2025-05-26,9,20,Pending,Partner,Bank Transfer
1841,983,42,2025-08-20,4,0,Pending,Partner,Credit Card
1842,944,7,2025-06-08,7,15,Shipped,Partner,PayPal
1843,776,1,2025-04-29,3,10,Shipped,Mobile,PayPal
1844,449,8,2025-12-01,1,5,Pending,Mobile,Crypto
1845,144,48,2025-11-20,9,5,Pending,Web,Bank Transfer
1846,121,28,2026-01-31,5,15,Cancelled,In-Store,Bank Transfer
1847,578,42,2025-08-25,3,0,Cancelled,Mobile,Bank Transfer
1848,532,39,2026-02-25,5,5,Pending,Mobile,Bank Transfer
1849,950,48,2025-12-15,3,0,Returned,Partner,Credit Card
1850,326,27,2026-01-17,3,0,Pending,Web,Credit Card
1851,320,45,2025-04-04,4,0,Shipped,Partner,Bank Transfer
1852,97,4,2025-08-30,10,5,Returned,Mobile,Credit Card
1853,359,41,2025-05-21,9,0,Cancelled,Web,PayPal
1854,282,19,2025-09-25,7,10,Cancelled,In-Store,Crypto
1855,957,17,2025-02-27,9,10,Shipped,Web,PayPal
1856,106,47,2025-11-08,4,0,Shipped,In-Store,Credit Card
1857,130,34,2026-02-04,10,15,Pending,In-Store,Bank Transfer
1858,990,48,2025-11-29,10,15,Pending,Mobile,PayPal
1859,3,15,2025-09-18,4,0,Returned,Mobile,PayPal
1860,169,31,2025-04-28,1,0,Shipped,Web,PayPal
1861,524,29,2025-11-24,7,15,Pending,In-Store,Bank Transfer
1862,513,49,2026-02-20,2,0,Returned,Partner,Crypto
1863,793,25,2025-09-24,8,0,Cancelled,In-Store,Credit Card
1864,905,39,2025-10-29,4,0,Cancelled,Mobile,Crypto
1865,574,29,2025-05-08,8,15,Cancelled,Web,Crypto
1866,668,23,2025-12-24,3,0,Cancelled,Partner,Bank Transfer
1867,746,28,2025-05-23,4,10,Returned,Mobile,Crypto
1868,384,12,2025-03-15,1,0,Pending,In-Store,PayPal
1869,6,38,2025-05-03,5,0,Shipped,In-Store,Bank Transfer
1870,515,1,2025-12-26,10,0,Shipped,In-Store,Crypto
1871,408,3,2025-05-10,5,0,Shipped,Web,Crypto
1872,623,41,2025-06-14,8,5,Shipped,Partner,Credit Card
1873,40,24,2025-03-21,1,10,Shipped,Mobile,PayPal
1874,85,27,2025-08-10,2,0,Pending,Web,Bank Transfer
1875,100,35,2025-10-11,5,20,Shipped,Web,Bank Transfer
1876,858,44,2025-03-10,6,15,Shipped,In-Store,Credit Card
1877,964,43,2025-11-19,7,5,Shipped,Web,PayPal
1878,845,49,2025-11-19,9,0,Cancelled,Web,PayPal
1879,455,3,2025-07-11,5,10,Shipped,Partner,PayPal
1880,651,48,2025-11-30,1,0,Cancelled,In-Store,Credit Card
1881,350,30,2025-12-02,10,20,Shipped,Partner,Credit Card
1882,120,6,2025-12-29,3,15,Shipped,Mobile,Bank Transfer
1883,606,41,2025-08-04,1,20,Shipped,Web,PayPal
1884,654,24,2025-11-05,8,0,Shipped,In-Store,PayPal
1885,766,49,2025-12-29,3,0,Shipped,Partner,Bank Transfer
1886,183,18,2025-04-26,3,10,Cancelled,Partner,PayPal
1887,856,13,2025-07-15,5,0,Shipped,In-Store,Bank Transfer
1888,715,29,2025-04-30,5,0,Pending,In-Store,Bank Transfer
1889,358,50,2025-03-11,9,5,Shipped,Web,Crypto
1890,160,35,2025-05-02,10,0,Pending,In-Store,Bank Transfer
1891,213,22,2026-01-01,9,10,Cancelled,Web,PayPal
1892,265,14,2025-07-30,8,0,Shipped,Web,PayPal
1893,487,9,2025-03-30,8,10,Cancelled,In-Store,Crypto
1894,675,38,2025-04-25,1,0,Shipped,In-Store,Credit Card
1895,163,27,2025-03-25,8,0,Cancelled,Web,PayPal
1896,936,23,2025-07-28,5,0,Pending,Mobile,Credit Card
1897,450,40,2025-08-05,8,10,Returned,Partner,Crypto
1898,485,16,2025-11-10,5,15,Cancelled,In-Store,Crypto
1899,695,26,2025-04-28,5,0,Shipped,Web,Crypto
1900,437,50,2025-11-15,5,10,Pending,Web,PayPal
1901,525,11,2025-11-15,5,10,Returned,Mobile,PayPal
1902,134,43,2026-01-16,6,20,Shipped,Web,Bank Transfer
1903,812,50,2025-09-09,3,20,Cancelled,Partner,Crypto
1904,170,30,2026-01-22,1,15,Shipped,Mobile,PayPal
1905,309,20,2025-10-01,2,0,Shipped,Mobile,Crypto
1906,93,47,2026-02-14,4,0,Returned,In-Store,Credit Card
1907,489,11,2025-09-29,6,0,Pending,Partner,PayPal
1908,935,31,2025-06-27,7,20,Pending,Mobile,Credit Card
1909,397,9,2025-08-11,6,20,Shipped,Partner,Bank Transfer
1910,920,19,2025-12-27,7,10,Pending,Web,Bank Transfer
1911,501,43,2025-10-02,10,0,Shipped,Mobile,PayPal
1912,378,24,2025-10-26,6,10,Shipped,Partner,Credit Card
1913,662,15,2025-05-16,3,5,Shipped,Web,PayPal
1914,310,28,2025-08-10,2,0,Pending,Mobile,Crypto
1915,155,19,2025-05-01,5,5,Pending,Web,Bank Transfer
1916,982,27,2025-12-30,3,0,Pending,Web,Crypto
1917,826,6,2025-08-08,6,15,Shipped,Partner,Credit Card
1918,165,21,2025-06-22,3,10,Returned,Partner,Crypto
1919,12,32,2025-10-06,7,5,Shipped,In-Store,Crypto
1920,265,48,2026-01-31,2,10,Pending,In-Store,Crypto
1921,730,22,2025-12-16,9,0,Shipped,Mobile,Crypto
1922,545,49,2025-12-29,7,20,Shipped,Mobile,Credit Card
1923,346,46,2025-05-09,10,0,Shipped,Partner,Crypto
1924,50,30,2025-06-15,5,0,Shipped,Partner,Crypto
1925,376,4,2025-12-06,10,15,Cancelled,In-Store,Crypto
1926,346,44,2025-08-16,5,20,Shipped,In-Store,PayPal
1927,301,23,2025-04-01,7,0,Pending,In-Store,Bank Transfer
1928,652,3,2025-09-27,10,0,Cancelled,Web,Crypto
1929,255,12,2025-12-15,2,10,Shipped,Mobile,PayPal
1930,649,32,2025-04-14,7,0,Cancelled,Partner,PayPal
1931,941,47,2025-03-18,9,10,Pending,Web,Credit Card
1932,335,24,2025-11-23,1,0,Returned,Web,Crypto
1933,525,47,2025-09-10,2,0,Cancelled,Partner,Crypto
1934,23,12,2026-01-06,5,15,Shipped,Partner,Credit Card
1935,813,13,2025-09-19,10,0,Cancelled,Mobile,Credit Card
1936,384,37,2025-07-21,8,0,Pending,In-Store,PayPal
1937,284,33,2025-10-22,1,10,Pending,Mobile,Bank Transfer
1938,280,1,2025-11-14,7,0,Shipped,Partner,PayPal
1939,282,18,2025-12-22,8,10,Cancelled,Web,PayPal
1940,231,2,2025-03-18,6,0,Shipped,In-Store,Crypto
1941,603,27,2025-05-03,10,0,Returned,Partner,Crypto
1942,953,36,2026-01-13,1,0,Cancelled,In-Store,Bank Transfer
1943,843,29,2025-12-16,3,5,Pending,Mobile,PayPal
1944,690,25,2025-05-26,5,5,Shipped,Web,Crypto
1945,575,23,2025-03-17,2,0,Returned,In-Store,Bank Transfer
1946,299,49,2026-01-07,6,5,Pending,Web,PayPal
1947,640,38,2025-09-13,3,10,Cancelled,Partner,Crypto
1948,784,2,2025-03-26,5,10,Pending,Mobile,Crypto
1949,944,35,2025-09-12,3,5,Returned,Web,Credit Card
1950,406,14,2025-03-29,4,0,Returned,In-Store,PayPal
1951,886,11,2025-09-07,7,10,Pending,In-Store,PayPal
1952,429,39,2025-04-02,5,0,Cancelled,Web,Bank Transfer
1953,515,35,2025-06-02,9,5,Shipped,Partner,Crypto
1954,775,30,2025-09-15,5,20,Pending,Mobile,PayPal
1955,410,19,2025-12-27,1,10,Cancelled,Partner,PayPal
1956,700,7,2025-03-15,7,10,Pending,Partner,Crypto
1957,194,41,2025-08-25,1,10,Shipped,Mobile,Credit Card
1958,614,37,2025-12-30,7,0,Cancelled,Mobile,PayPal
1959,583,41,2025-04-19,8,15,Shipped,In-Store,Credit Card
1960,761,39,2025-12-13,7,10,Returned,Mobile,PayPal
1961,469,24,2025-11-09,4,0,Pending,Mobile,Bank Transfer
1962,136,19,2025-03-31,2,0,Shipped,Partner,Crypto
1963,251,44,2025-04-22,10,5,Shipped,Mobile,Crypto
1964,513,42,2025-08-07,2,20,Returned,In-Store,PayPal
1965,251,30,2025-07-31,2,0,Shipped,Partner,Crypto
1966,883,25,2025-10-16,2,20,Pending,In-Store,Credit Card
1967,733,50,2025-03-28,10,15,Returned,Web,Crypto
1968,493,47,2025-12-02,1,0,Pending,Web,Bank Transfer
1969,410,46,2025-08-14,9,15,Pending,Partner,Credit Card
1970,107,10,2025-11-03,5,20,Returned,Web,PayPal
1971,376,27,2026-02-25,6,0,Shipped,Partner,PayPal
1972,271,7,2025-06-30,6,15,Shipped,Partner,Crypto
1973,771,16,2025-03-11,5,0,Cancelled,Partner,Bank Transfer
1974,807,29,2025-03-03,5,10,Cancelled,Web,PayPal
1975,152,34,2025-03-08,5,0,Shipped,In-Store,Bank Transfer
1976,731,19,2025-10-28,5,15,Shipped,In-Store,Crypto
1977,731,29,2025-03-07,5,0,Shipped,Mobile,Bank Transfer
1978,880,25,2025-12-20,5,15,Shipped,Web,PayPal
1979,598,20,2025-03-10,3,10,Shipped,In-Store,Bank Transfer
1980,739,33,2025-06-25,9,5,Pending,Mobile,Bank Transfer
1981,660,10,2025-12-01,10,20,Returned,In-Store,Bank Transfer
1982,388,32,2025-12-19,3,20,Returned,Partner,PayPal
1983,496,25,2025-09-29,1,15,Shipped,In-Store,PayPal
1984,317,14,2025-03-29,4,0,Cancelled,Web,PayPal
1985,366,32,2025-05-07,8,10,Shipped,Mobile,PayPal
1986,373,43,2026-02-10,1,5,Shipped,In-Store,Credit Card
1987,278,36,2025-04-03,9,20,Returned,Web,Credit Card
1988,458,37,2025-12-10,9,0,Shipped,In-Store,PayPal
1989,707,42,2025-09-12,4,0,Pending,Mobile,Credit Card
1990,624,18,2025-07-12,9,0,Shipped,Mobile,Credit Card
1991,928,9,2025-12-12,9,0,Shipped,Mobile,PayPal
1992,250,38,2025-11-27,10,5,Pending,Web,Credit Card
1993,327,41,2025-10-06,2,0,Pending,Web,Crypto
1994,86,31,2025-11-17,4,0,Returned,Mobile,Crypto
1995,308,37,2026-02-23,1,10,Pending,Web,Crypto
1996,797,42,2025-06-21,4,10,Returned,Partner,Credit Card
1997,258,49,2025-10-31,7,10,Cancelled,Partner,PayPal
1998,337,33,2025-12-14,8,10,Cancelled,In-Store,Bank Transfer
1999,889,35,2025-08-30,4,0,Cancelled,In-Store,Crypto
2000,115,49,2025-06-13,3,5,Shipped,In-Store,Crypto
